INFO buildroot.py:668:  Mock Version: 6.7
DEBUG file_util.py:17:  ensuring that dir exists: /var/lib/mock/alma+epel-10-x86_64/root
DEBUG file_util.py:20:  created dir: /var/lib/mock/alma+epel-10-x86_64/root
DEBUG file_util.py:17:  ensuring that dir exists: /var/lib/mock/alma+epel-10-x86_64-bootstrap
DEBUG file_util.py:17:  ensuring that dir exists: /var/lib/mock/alma+epel-10-x86_64-bootstrap
DEBUG file_util.py:17:  ensuring that dir exists: /var/lib/mock/alma+epel-10-x86_64-bootstrap/root
DEBUG file_util.py:17:  ensuring that dir exists: /var/lib/mock/alma+epel-10-x86_64-bootstrap/results
INFO buildroot.py:318:  calling preinit hooks
DEBUG file_util.py:17:  ensuring that dir exists: /var/cache/mock/alma+epel-10-x86_64-bootstrap/root_cache/
DEBUG file_util.py:17:  ensuring that dir exists: /var/cache/mock/alma+epel-10-x86_64-bootstrap/yum_cache
DEBUG file_util.py:17:  ensuring that dir exists: /var/cache/mock/alma+epel-10-x86_64-bootstrap/dnf_cache
DEBUG buildroot.py:724:  create skeleton dirs
DEBUG file_util.py:17:  ensuring that dir exists: /var/lib/mock/alma+epel-10-x86_64-bootstrap/root/var/lib/rpm
DEBUG file_util.py:17:  ensuring that dir exists: /var/lib/mock/alma+epel-10-x86_64-bootstrap/root/var/lib/yum
DEBUG file_util.py:17:  ensuring that dir exists: /var/lib/mock/alma+epel-10-x86_64-bootstrap/root/var/lib/dbus
DEBUG file_util.py:17:  ensuring that dir exists: /var/lib/mock/alma+epel-10-x86_64-bootstrap/root/var/log
DEBUG file_util.py:17:  ensuring that dir exists: /var/lib/mock/alma+epel-10-x86_64-bootstrap/root/var/cache/dnf
DEBUG file_util.py:17:  ensuring that dir exists: /var/lib/mock/alma+epel-10-x86_64-bootstrap/root/var/cache/yum
DEBUG file_util.py:17:  ensuring that dir exists: /var/lib/mock/alma+epel-10-x86_64-bootstrap/root/etc/rpm
DEBUG file_util.py:17:  ensuring that dir exists: /var/lib/mock/alma+epel-10-x86_64-bootstrap/root/tmp
DEBUG file_util.py:17:  ensuring that dir exists: /var/lib/mock/alma+epel-10-x86_64-bootstrap/root/tmp/ccache
DEBUG file_util.py:17:  ensuring that dir exists: /var/lib/mock/alma+epel-10-x86_64-bootstrap/root/var/tmp
DEBUG file_util.py:17:  ensuring that dir exists: /var/lib/mock/alma+epel-10-x86_64-bootstrap/root/etc/dnf
DEBUG file_util.py:17:  ensuring that dir exists: /var/lib/mock/alma+epel-10-x86_64-bootstrap/root/etc/dnf/vars
DEBUG file_util.py:17:  ensuring that dir exists: /var/lib/mock/alma+epel-10-x86_64-bootstrap/root/etc/yum.repos.d
DEBUG file_util.py:20:  created dir: /var/lib/mock/alma+epel-10-x86_64-bootstrap/root/etc/yum.repos.d
DEBUG file_util.py:17:  ensuring that dir exists: /var/lib/mock/alma+epel-10-x86_64-bootstrap/root/etc/yum
DEBUG file_util.py:17:  ensuring that dir exists: /var/lib/mock/alma+epel-10-x86_64-bootstrap/root/proc
DEBUG file_util.py:17:  ensuring that dir exists: /var/lib/mock/alma+epel-10-x86_64-bootstrap/root/sys
DEBUG file_util.py:17:  ensuring that dir exists: /var/lib/mock/alma+epel-10-x86_64-bootstrap/root/run/lock
DEBUG file_util.py:17:  ensuring that dir exists: /var/lib/mock/alma+epel-10-x86_64-bootstrap/root/dev/pts
DEBUG file_util.py:17:  ensuring that dir exists: /var/lib/mock/alma+epel-10-x86_64-bootstrap/root/dev/shm
DEBUG file_util.py:17:  ensuring that dir exists: /var/lib/mock/alma+epel-10-x86_64-bootstrap/root/dev/mapper
DEBUG file_util.py:20:  created dir: /var/lib/mock/alma+epel-10-x86_64-bootstrap/root/dev/mapper
DEBUG buildroot.py:868:  kernel version == 5.14.0-611.49.1.el9_7.x86_64
DEBUG file_util.py:29:  touching file: /var/lib/mock/alma+epel-10-x86_64-bootstrap/root/etc/fstab
DEBUG file_util.py:29:  touching file: /var/lib/mock/alma+epel-10-x86_64-bootstrap/root/etc/yum/yum.conf
DEBUG file_util.py:29:  touching file: /var/lib/mock/alma+epel-10-x86_64-bootstrap/root/etc/dnf/dnf.conf
DEBUG file_util.py:29:  touching file: /var/lib/mock/alma+epel-10-x86_64-bootstrap/root/var/log/yum.log
DEBUG buildroot.py:332:  rootdir = /var/lib/mock/alma+epel-10-x86_64-bootstrap/root
DEBUG buildroot.py:333:  resultdir = /var/lib/mock/alma+epel-10-x86_64-bootstrap/results
DEBUG package_manager.py:63:  searching for 'dnf4' package manager or alternatives
INFO buildroot.py:181:  Package manager dnf4 detected and used (fallback)
DEBUG file_util.py:17:  ensuring that dir exists: /var/lib/mock/alma+epel-10-x86_64-bootstrap/root/etc/pki/mock
DEBUG package_manager.py:404:  copying CA trust dir into chroot: /etc/pki/ca-trust => /etc/pki/ca-trust
DEBUG file_util.py:178:  Updating files in /var/lib/mock/alma+epel-10-x86_64-bootstrap/root/etc/pki/ca-trust with files from /etc/pki/ca-trust
DEBUG file_util.py:17:  ensuring that dir exists: /var/lib/mock/alma+epel-10-x86_64-bootstrap/root/etc/pki/ca-trust
DEBUG file_util.py:17:  ensuring that dir exists: /var/lib/mock/alma+epel-10-x86_64-bootstrap/root/etc/pki/ca-trust/./extracted
DEBUG file_util.py:17:  ensuring that dir exists: /var/lib/mock/alma+epel-10-x86_64-bootstrap/root/etc/pki/ca-trust/./source
DEBUG file_util.py:17:  ensuring that dir exists: /var/lib/mock/alma+epel-10-x86_64-bootstrap/root/etc/pki/ca-trust/extracted/edk2
DEBUG file_util.py:17:  ensuring that dir exists: /var/lib/mock/alma+epel-10-x86_64-bootstrap/root/etc/pki/ca-trust/extracted/java
DEBUG file_util.py:17:  ensuring that dir exists: /var/lib/mock/alma+epel-10-x86_64-bootstrap/root/etc/pki/ca-trust/extracted/openssl
DEBUG file_util.py:17:  ensuring that dir exists: /var/lib/mock/alma+epel-10-x86_64-bootstrap/root/etc/pki/ca-trust/extracted/pem
DEBUG file_util.py:17:  ensuring that dir exists: /var/lib/mock/alma+epel-10-x86_64-bootstrap/root/etc/pki/ca-trust/extracted/pem/directory-hash
DEBUG file_util.py:17:  ensuring that dir exists: /var/lib/mock/alma+epel-10-x86_64-bootstrap/root/etc/pki/ca-trust/source/anchors
DEBUG file_util.py:17:  ensuring that dir exists: /var/lib/mock/alma+epel-10-x86_64-bootstrap/root/etc/pki/ca-trust/source/blocklist
DEBUG package_manager.py:404:  copying CA trust dir into chroot: /usr/share/pki/ca-trust-source => /usr/share/pki/ca-trust-source
DEBUG file_util.py:178:  Updating files in /var/lib/mock/alma+epel-10-x86_64-bootstrap/root/usr/share/pki/ca-trust-source with files from /usr/share/pki/ca-trust-source
DEBUG file_util.py:17:  ensuring that dir exists: /var/lib/mock/alma+epel-10-x86_64-bootstrap/root/usr/share/pki/ca-trust-source
DEBUG file_util.py:17:  ensuring that dir exists: /var/lib/mock/alma+epel-10-x86_64-bootstrap/root/usr/share/pki/ca-trust-source/./anchors
DEBUG file_util.py:17:  ensuring that dir exists: /var/lib/mock/alma+epel-10-x86_64-bootstrap/root/usr/share/pki/ca-trust-source/./blocklist
DEBUG file_util.py:17:  ensuring that dir exists: /var/lib/mock/alma+epel-10-x86_64-bootstrap/root/usr/share
DEBUG package_manager.py:388:  Copying /usr/share/distribution-gpg-keys to the bootstrap chroot
DEBUG util.py:636:  child environment: None
DEBUG util.py:558:  Executing command: ['cp', '-a', '/usr/share/distribution-gpg-keys', '/var/lib/mock/alma+epel-10-x86_64-bootstrap/root/usr/share'] with env {'TERM': 'vt100', 'SHELL': '/bin/sh', 'HOME': '/builddir', 'HOSTNAME': 'mock', 'PATH': '/usr/bin:/bin:/usr/sbin:/sbin', 'LANG': 'C.UTF-8'} and shell False
DEBUG util.py:610:  Child return code was: 0
DEBUG file_util.py:17:  ensuring that dir exists: /var/lib/mock/alma+epel-10-x86_64-bootstrap/root/etc/dnf
DEBUG package_manager.py:691:  configure DNF vars
DEBUG file_util.py:17:  ensuring that dir exists: /var/lib/mock/alma+epel-10-x86_64-bootstrap/root/var/cache/yum
DEBUG util.py:636:  child environment: None
DEBUG util.py:558:  Executing command: ['/bin/mount', '-n', '-o', 'bind', '/var/cache/mock/alma+epel-10-x86_64-bootstrap/yum_cache', '/var/lib/mock/alma+epel-10-x86_64-bootstrap/root/var/cache/yum'] with env {'TERM': 'vt100', 'SHELL': '/bin/sh', 'HOME': '/builddir', 'HOSTNAME': 'mock', 'PATH': '/usr/bin:/bin:/usr/sbin:/sbin', 'LANG': 'C.UTF-8'} and shell False
DEBUG util.py:610:  Child return code was: 0
DEBUG file_util.py:17:  ensuring that dir exists: /var/lib/mock/alma+epel-10-x86_64-bootstrap/root/var/cache/dnf
DEBUG util.py:636:  child environment: None
DEBUG util.py:558:  Executing command: ['/bin/mount', '-n', '-o', 'bind', '/var/cache/mock/alma+epel-10-x86_64-bootstrap/dnf_cache', '/var/lib/mock/alma+epel-10-x86_64-bootstrap/root/var/cache/dnf'] with env {'TERM': 'vt100', 'SHELL': '/bin/sh', 'HOME': '/builddir', 'HOSTNAME': 'mock', 'PATH': '/usr/bin:/bin:/usr/sbin:/sbin', 'LANG': 'C.UTF-8'} and shell False
DEBUG util.py:610:  Child return code was: 0
DEBUG file_util.py:17:  ensuring that dir exists: /var/lib/mock/alma+epel-10-x86_64-bootstrap/root/root/localrepo
DEBUG file_util.py:20:  created dir: /var/lib/mock/alma+epel-10-x86_64-bootstrap/root/root/localrepo
DEBUG util.py:636:  child environment: None
DEBUG util.py:558:  Executing command: ['/bin/mount', '-n', '-o', 'bind', '/root/localrepo', '/var/lib/mock/alma+epel-10-x86_64-bootstrap/root/root/localrepo'] with env {'TERM': 'vt100', 'SHELL': '/bin/sh', 'HOME': '/builddir', 'HOSTNAME': 'mock', 'PATH': '/usr/bin:/bin:/usr/sbin:/sbin', 'LANG': 'C.UTF-8'} and shell False
DEBUG util.py:610:  Child return code was: 0
DEBUG file_util.py:17:  ensuring that dir exists: /var/lib/mock/alma+epel-10-x86_64-bootstrap/root/etc
DEBUG file_util.py:17:  ensuring that dir exists: /var/lib/mock/alma+epel-10-x86_64-bootstrap/root/etc
DEBUG buildroot.py:38:  method _cleanup_homedir skipped in bootstrap
DEBUG buildroot.py:38:  method _setup_build_dirs skipped in bootstrap
DEBUG buildroot.py:38:  method _make_users skipped in bootstrap
DEBUG file_util.py:29:  touching file: /var/lib/mock/alma+epel-10-x86_64-bootstrap/root/.initialized
DEBUG file_util.py:17:  ensuring that dir exists: /var/lib/mock/alma+epel-10-x86_64
DEBUG file_util.py:17:  ensuring that dir exists: /var/lib/mock/alma+epel-10-x86_64/root
DEBUG file_util.py:17:  ensuring that dir exists: /var/lib/mock/alma+epel-10-x86_64/result
INFO buildroot.py:318:  calling preinit hooks
DEBUG file_util.py:17:  ensuring that dir exists: /var/cache/mock/alma+epel-10-x86_64/root_cache/
DEBUG file_util.py:17:  ensuring that dir exists: /var/cache/mock/alma+epel-10-x86_64/yum_cache
DEBUG file_util.py:17:  ensuring that dir exists: /var/cache/mock/alma+epel-10-x86_64/dnf_cache
DEBUG util.py:636:  child environment: None
DEBUG util.py:558:  Executing command: ['/usr/bin/lscpu'] with env {'TERM': 'vt100', 'SHELL': '/bin/sh', 'HOME': '/builddir', 'HOSTNAME': 'mock', 'PATH': '/usr/bin:/bin:/usr/sbin:/sbin', 'LANG': 'C.UTF-8'} and shell False
DEBUG util.py:463:  Architecture:                            x86_64
DEBUG util.py:463:  CPU op-mode(s):                          32-bit, 64-bit
DEBUG util.py:463:  Address sizes:                           39 bits physical, 48 bits virtual
DEBUG util.py:463:  Byte Order:                              Little Endian
DEBUG util.py:463:  CPU(s):                                  4
DEBUG util.py:463:  On-line CPU(s) list:                     0-3
DEBUG util.py:463:  Vendor ID:                               GenuineIntel
DEBUG util.py:463:  BIOS Vendor ID:                          QEMU
DEBUG util.py:463:  Model name:                              Intel(R) N150
DEBUG util.py:463:  BIOS Model name:                         pc-q35-8.2
DEBUG util.py:463:  CPU family:                              6
DEBUG util.py:463:  Model:                                   190
DEBUG util.py:463:  Thread(s) per core:                      1
DEBUG util.py:463:  Core(s) per socket:                      1
DEBUG util.py:463:  Socket(s):                               4
DEBUG util.py:463:  Stepping:                                0
DEBUG util.py:463:  BogoMIPS:                                1612.80
DEBUG util.py:463:  Flags:                                   fpu vme de pse tsc msr pae mce cx8 apic sep mtrr pge mca cmov pat pse36 clflush mmx fxsr sse sse2 ss syscall nx pdpe1gb rdtscp lm constant_tsc arch_perfmon rep_good nopl xtopology cpuid tsc_known_freq pni pclmulqdq ssse3 fma cx16 pdcm pcid sse4_1 sse4_2 x2apic movbe popcnt tsc_deadline_timer aes xsave avx f16c rdrand hypervisor lahf_lm abm 3dnowprefetch cpuid_fault ssbd ibrs ibpb stibp ibrs_enhanced fsgsbase tsc_adjust bmi1 avx2 smep bmi2 erms invpcid rdseed adx smap clflushopt clwb sha_ni xsaveopt xsavec xgetbv1 xsaves avx_vnni arat umip pku ospke waitpkg gfni vaes vpclmulqdq rdpid movdiri movdir64b fsrm md_clear serialize flush_l1d arch_capabilities
DEBUG util.py:463:  Hypervisor vendor:                       KVM
DEBUG util.py:463:  Virtualization type:                     full
DEBUG util.py:463:  L1d cache:                               128 KiB (4 instances)
DEBUG util.py:463:  L1i cache:                               128 KiB (4 instances)
DEBUG util.py:463:  L2 cache:                                16 MiB (4 instances)
DEBUG util.py:463:  L3 cache:                                64 MiB (4 instances)
DEBUG util.py:463:  NUMA node(s):                            1
DEBUG util.py:463:  NUMA node0 CPU(s):                       0-3
DEBUG util.py:463:  Vulnerability Gather data sampling:      Not affected
DEBUG util.py:463:  Vulnerability Indirect target selection: Mitigation; Aligned branch/return thunks
DEBUG util.py:463:  Vulnerability Itlb multihit:             Not affected
DEBUG util.py:463:  Vulnerability L1tf:                      Not affected
DEBUG util.py:463:  Vulnerability Mds:                       Not affected
DEBUG util.py:463:  Vulnerability Meltdown:                  Not affected
DEBUG util.py:463:  Vulnerability Mmio stale data:           Not affected
DEBUG util.py:463:  Vulnerability Reg file data sampling:    Vulnerable: No microcode
DEBUG util.py:463:  Vulnerability Retbleed:                  Not affected
DEBUG util.py:463:  Vulnerability Spec rstack overflow:      Not affected
DEBUG util.py:463:  Vulnerability Spec store bypass:         Mitigation; Speculative Store Bypass disabled via prctl
DEBUG util.py:463:  Vulnerability Spectre v1:                Mitigation; usercopy/swapgs barriers and __user pointer sanitization
DEBUG util.py:463:  Vulnerability Spectre v2:                Mitigation; Enhanced / Automatic IBRS; IBPB conditional; PBRSB-eIBRS Not affected; BHI SW loop, KVM SW loop
DEBUG util.py:463:  Vulnerability Srbds:                     Not affected
DEBUG util.py:463:  Vulnerability Tsa:                       Not affected
DEBUG util.py:463:  Vulnerability Tsx async abort:           Not affected
DEBUG util.py:463:  Vulnerability Vmscape:                   Not affected
DEBUG util.py:610:  Child return code was: 0
DEBUG util.py:636:  child environment: None
DEBUG util.py:558:  Executing command: ['/bin/free', '--human'] with env {'TERM': 'vt100', 'SHELL': '/bin/sh', 'HOME': '/builddir', 'HOSTNAME': 'mock', 'PATH': '/usr/bin:/bin:/usr/sbin:/sbin', 'LANG': 'C.UTF-8'} and shell False
DEBUG util.py:463:                 total        used        free      shared  buff/cache   available
DEBUG util.py:463:  Mem:           3.6Gi       590Mi       2.1Gi        27Mi       1.2Gi       3.0Gi
DEBUG util.py:463:  Swap:          3.9Gi          0B       3.9Gi
DEBUG util.py:610:  Child return code was: 0
DEBUG util.py:636:  child environment: None
DEBUG util.py:558:  Executing command: ['/bin/df', '-H', '-T', '/var/lib/mock/alma+epel-10-x86_64/root', '/var/cache/mock'] with env {'TERM': 'vt100', 'SHELL': '/bin/sh', 'HOME': '/builddir', 'HOSTNAME': 'mock', 'PATH': '/usr/bin:/bin:/usr/sbin:/sbin', 'LANG': 'C.UTF-8'} and shell False
DEBUG util.py:463:  Filesystem     Type  Size  Used Avail Use% Mounted on
DEBUG util.py:463:  /dev/vda3      xfs    49G   17G   32G  35% /
DEBUG util.py:463:  /dev/vda3      xfs    49G   17G   32G  35% /
DEBUG util.py:610:  Child return code was: 0
DEBUG buildroot.py:724:  create skeleton dirs
DEBUG file_util.py:17:  ensuring that dir exists: /var/lib/mock/alma+epel-10-x86_64/root/var/lib/rpm
DEBUG file_util.py:20:  created dir: /var/lib/mock/alma+epel-10-x86_64/root/var/lib/rpm
DEBUG file_util.py:17:  ensuring that dir exists: /var/lib/mock/alma+epel-10-x86_64/root/var/lib/yum
DEBUG file_util.py:20:  created dir: /var/lib/mock/alma+epel-10-x86_64/root/var/lib/yum
DEBUG file_util.py:17:  ensuring that dir exists: /var/lib/mock/alma+epel-10-x86_64/root/var/lib/dbus
DEBUG file_util.py:20:  created dir: /var/lib/mock/alma+epel-10-x86_64/root/var/lib/dbus
DEBUG file_util.py:17:  ensuring that dir exists: /var/lib/mock/alma+epel-10-x86_64/root/var/log
DEBUG file_util.py:20:  created dir: /var/lib/mock/alma+epel-10-x86_64/root/var/log
DEBUG file_util.py:17:  ensuring that dir exists: /var/lib/mock/alma+epel-10-x86_64/root/var/cache/dnf
DEBUG file_util.py:20:  created dir: /var/lib/mock/alma+epel-10-x86_64/root/var/cache/dnf
DEBUG file_util.py:17:  ensuring that dir exists: /var/lib/mock/alma+epel-10-x86_64/root/var/cache/yum
DEBUG file_util.py:20:  created dir: /var/lib/mock/alma+epel-10-x86_64/root/var/cache/yum
DEBUG file_util.py:17:  ensuring that dir exists: /var/lib/mock/alma+epel-10-x86_64/root/etc/rpm
DEBUG file_util.py:20:  created dir: /var/lib/mock/alma+epel-10-x86_64/root/etc/rpm
DEBUG file_util.py:17:  ensuring that dir exists: /var/lib/mock/alma+epel-10-x86_64/root/tmp
DEBUG file_util.py:20:  created dir: /var/lib/mock/alma+epel-10-x86_64/root/tmp
DEBUG file_util.py:17:  ensuring that dir exists: /var/lib/mock/alma+epel-10-x86_64/root/tmp/ccache
DEBUG file_util.py:20:  created dir: /var/lib/mock/alma+epel-10-x86_64/root/tmp/ccache
DEBUG file_util.py:17:  ensuring that dir exists: /var/lib/mock/alma+epel-10-x86_64/root/var/tmp
DEBUG file_util.py:20:  created dir: /var/lib/mock/alma+epel-10-x86_64/root/var/tmp
DEBUG file_util.py:17:  ensuring that dir exists: /var/lib/mock/alma+epel-10-x86_64/root/etc/dnf
DEBUG file_util.py:20:  created dir: /var/lib/mock/alma+epel-10-x86_64/root/etc/dnf
DEBUG file_util.py:17:  ensuring that dir exists: /var/lib/mock/alma+epel-10-x86_64/root/etc/dnf/vars
DEBUG file_util.py:20:  created dir: /var/lib/mock/alma+epel-10-x86_64/root/etc/dnf/vars
DEBUG file_util.py:17:  ensuring that dir exists: /var/lib/mock/alma+epel-10-x86_64/root/etc/yum.repos.d
DEBUG file_util.py:20:  created dir: /var/lib/mock/alma+epel-10-x86_64/root/etc/yum.repos.d
DEBUG file_util.py:17:  ensuring that dir exists: /var/lib/mock/alma+epel-10-x86_64/root/etc/yum
DEBUG file_util.py:20:  created dir: /var/lib/mock/alma+epel-10-x86_64/root/etc/yum
DEBUG file_util.py:17:  ensuring that dir exists: /var/lib/mock/alma+epel-10-x86_64/root/proc
DEBUG file_util.py:20:  created dir: /var/lib/mock/alma+epel-10-x86_64/root/proc
DEBUG file_util.py:17:  ensuring that dir exists: /var/lib/mock/alma+epel-10-x86_64/root/sys
DEBUG file_util.py:20:  created dir: /var/lib/mock/alma+epel-10-x86_64/root/sys
DEBUG file_util.py:17:  ensuring that dir exists: /var/lib/mock/alma+epel-10-x86_64/root/run/lock
DEBUG file_util.py:20:  created dir: /var/lib/mock/alma+epel-10-x86_64/root/run/lock
DEBUG file_util.py:17:  ensuring that dir exists: /var/lib/mock/alma+epel-10-x86_64/root/dev/pts
DEBUG file_util.py:20:  created dir: /var/lib/mock/alma+epel-10-x86_64/root/dev/pts
DEBUG file_util.py:17:  ensuring that dir exists: /var/lib/mock/alma+epel-10-x86_64/root/dev/shm
DEBUG file_util.py:20:  created dir: /var/lib/mock/alma+epel-10-x86_64/root/dev/shm
DEBUG file_util.py:17:  ensuring that dir exists: /var/lib/mock/alma+epel-10-x86_64/root/dev/mapper
DEBUG file_util.py:20:  created dir: /var/lib/mock/alma+epel-10-x86_64/root/dev/mapper
DEBUG buildroot.py:868:  kernel version == 5.14.0-611.49.1.el9_7.x86_64
DEBUG file_util.py:29:  touching file: /var/lib/mock/alma+epel-10-x86_64/root/etc/fstab
DEBUG file_util.py:29:  touching file: /var/lib/mock/alma+epel-10-x86_64/root/etc/yum/yum.conf
DEBUG file_util.py:29:  touching file: /var/lib/mock/alma+epel-10-x86_64/root/etc/dnf/dnf.conf
DEBUG file_util.py:29:  touching file: /var/lib/mock/alma+epel-10-x86_64/root/var/log/yum.log
DEBUG buildroot.py:332:  rootdir = /var/lib/mock/alma+epel-10-x86_64/root
DEBUG buildroot.py:333:  resultdir = /var/lib/mock/alma+epel-10-x86_64/result
INFO buildroot.py:181:  Package manager dnf4 detected and used (direct choice)
DEBUG file_util.py:17:  ensuring that dir exists: /var/lib/mock/alma+epel-10-x86_64/root/etc/pki/mock
DEBUG file_util.py:20:  created dir: /var/lib/mock/alma+epel-10-x86_64/root/etc/pki/mock
DEBUG package_manager.py:404:  copying CA trust dir into chroot: /etc/pki/ca-trust => /etc/pki/ca-trust
DEBUG file_util.py:178:  Updating files in /var/lib/mock/alma+epel-10-x86_64/root/etc/pki/ca-trust with files from /etc/pki/ca-trust
DEBUG file_util.py:17:  ensuring that dir exists: /var/lib/mock/alma+epel-10-x86_64/root/etc/pki/ca-trust
DEBUG file_util.py:20:  created dir: /var/lib/mock/alma+epel-10-x86_64/root/etc/pki/ca-trust
DEBUG file_util.py:17:  ensuring that dir exists: /var/lib/mock/alma+epel-10-x86_64/root/etc/pki/ca-trust/./extracted
DEBUG file_util.py:20:  created dir: /var/lib/mock/alma+epel-10-x86_64/root/etc/pki/ca-trust/./extracted
DEBUG file_util.py:17:  ensuring that dir exists: /var/lib/mock/alma+epel-10-x86_64/root/etc/pki/ca-trust/./source
DEBUG file_util.py:20:  created dir: /var/lib/mock/alma+epel-10-x86_64/root/etc/pki/ca-trust/./source
DEBUG file_util.py:17:  ensuring that dir exists: /var/lib/mock/alma+epel-10-x86_64/root/etc/pki/ca-trust/extracted/edk2
DEBUG file_util.py:20:  created dir: /var/lib/mock/alma+epel-10-x86_64/root/etc/pki/ca-trust/extracted/edk2
DEBUG file_util.py:17:  ensuring that dir exists: /var/lib/mock/alma+epel-10-x86_64/root/etc/pki/ca-trust/extracted/java
DEBUG file_util.py:20:  created dir: /var/lib/mock/alma+epel-10-x86_64/root/etc/pki/ca-trust/extracted/java
DEBUG file_util.py:17:  ensuring that dir exists: /var/lib/mock/alma+epel-10-x86_64/root/etc/pki/ca-trust/extracted/openssl
DEBUG file_util.py:20:  created dir: /var/lib/mock/alma+epel-10-x86_64/root/etc/pki/ca-trust/extracted/openssl
DEBUG file_util.py:17:  ensuring that dir exists: /var/lib/mock/alma+epel-10-x86_64/root/etc/pki/ca-trust/extracted/pem
DEBUG file_util.py:20:  created dir: /var/lib/mock/alma+epel-10-x86_64/root/etc/pki/ca-trust/extracted/pem
DEBUG file_util.py:17:  ensuring that dir exists: /var/lib/mock/alma+epel-10-x86_64/root/etc/pki/ca-trust/extracted/pem/directory-hash
DEBUG file_util.py:20:  created dir: /var/lib/mock/alma+epel-10-x86_64/root/etc/pki/ca-trust/extracted/pem/directory-hash
DEBUG file_util.py:17:  ensuring that dir exists: /var/lib/mock/alma+epel-10-x86_64/root/etc/pki/ca-trust/source/anchors
DEBUG file_util.py:20:  created dir: /var/lib/mock/alma+epel-10-x86_64/root/etc/pki/ca-trust/source/anchors
DEBUG file_util.py:17:  ensuring that dir exists: /var/lib/mock/alma+epel-10-x86_64/root/etc/pki/ca-trust/source/blocklist
DEBUG file_util.py:20:  created dir: /var/lib/mock/alma+epel-10-x86_64/root/etc/pki/ca-trust/source/blocklist
DEBUG package_manager.py:404:  copying CA trust dir into chroot: /usr/share/pki/ca-trust-source => /usr/share/pki/ca-trust-source
DEBUG file_util.py:178:  Updating files in /var/lib/mock/alma+epel-10-x86_64/root/usr/share/pki/ca-trust-source with files from /usr/share/pki/ca-trust-source
DEBUG file_util.py:17:  ensuring that dir exists: /var/lib/mock/alma+epel-10-x86_64/root/usr/share/pki/ca-trust-source
DEBUG file_util.py:20:  created dir: /var/lib/mock/alma+epel-10-x86_64/root/usr/share/pki/ca-trust-source
DEBUG file_util.py:17:  ensuring that dir exists: /var/lib/mock/alma+epel-10-x86_64/root/usr/share/pki/ca-trust-source/./anchors
DEBUG file_util.py:20:  created dir: /var/lib/mock/alma+epel-10-x86_64/root/usr/share/pki/ca-trust-source/./anchors
DEBUG file_util.py:17:  ensuring that dir exists: /var/lib/mock/alma+epel-10-x86_64/root/usr/share/pki/ca-trust-source/./blocklist
DEBUG file_util.py:20:  created dir: /var/lib/mock/alma+epel-10-x86_64/root/usr/share/pki/ca-trust-source/./blocklist
DEBUG file_util.py:17:  ensuring that dir exists: /var/lib/mock/alma+epel-10-x86_64/root/etc/dnf
DEBUG package_manager.py:691:  configure DNF vars
DEBUG file_util.py:17:  ensuring that dir exists: /var/lib/mock/alma+epel-10-x86_64/root/var/cache/yum
DEBUG util.py:636:  child environment: None
DEBUG util.py:558:  Executing command: ['/bin/mount', '-n', '-o', 'bind', '/var/cache/mock/alma+epel-10-x86_64/yum_cache', '/var/lib/mock/alma+epel-10-x86_64/root/var/cache/yum'] with env {'TERM': 'vt100', 'SHELL': '/bin/sh', 'HOME': '/builddir', 'HOSTNAME': 'mock', 'PATH': '/usr/bin:/bin:/usr/sbin:/sbin', 'LANG': 'C.UTF-8'} and shell False
DEBUG util.py:610:  Child return code was: 0
DEBUG file_util.py:17:  ensuring that dir exists: /var/lib/mock/alma+epel-10-x86_64/root/var/cache/dnf
DEBUG util.py:636:  child environment: None
DEBUG util.py:558:  Executing command: ['/bin/mount', '-n', '-o', 'bind', '/var/cache/mock/alma+epel-10-x86_64/dnf_cache', '/var/lib/mock/alma+epel-10-x86_64/root/var/cache/dnf'] with env {'TERM': 'vt100', 'SHELL': '/bin/sh', 'HOME': '/builddir', 'HOSTNAME': 'mock', 'PATH': '/usr/bin:/bin:/usr/sbin:/sbin', 'LANG': 'C.UTF-8'} and shell False
DEBUG util.py:610:  Child return code was: 0
DEBUG util.py:636:  child environment: None
DEBUG util.py:553:  Using nspawn with args None
DEBUG util.py:558:  Executing command: ['/usr/bin/systemd-nspawn', '-q', '-M', 'd500950c61a6435dac53386c1ba55a8d', '-D', '/var/lib/mock/alma+epel-10-x86_64-bootstrap/root', '-a', '--console=pipe', '--setenv=TERM=vt100', '--setenv=SHELL=/bin/sh', '--setenv=HOME=/builddir', '--setenv=HOSTNAME=mock', '--setenv=PATH=/usr/bin:/bin:/usr/sbin:/sbin', '--setenv=LANG=C.UTF-8', '--resolv-conf=off', 'rpm', '-q', 'rpm', 'rpm-sequoia', 'python3-dnf', 'python3-dnf-plugins-core', 'yum', 'yum-utils', 'dnf5', 'dnf5-plugins'] with env {'TERM': 'vt100', 'SHELL': '/bin/sh', 'HOME': '/builddir', 'HOSTNAME': 'mock', 'PATH': '/usr/bin:/bin:/usr/sbin:/sbin', 'LANG': 'C.UTF-8', 'SYSTEMD_NSPAWN_TMPFS_TMP': '0', 'SYSTEMD_SECCOMP': '0'} and shell False
DEBUG util.py:463:  rpm-4.19.1.1-20.el10.alma.1.x86_64
DEBUG util.py:463:  rpm-sequoia-1.9.0.3-1.el10_1.x86_64
DEBUG util.py:463:  python3-dnf-4.20.0-18.el10.alma.1.noarch
DEBUG util.py:463:  python3-dnf-plugins-core-4.7.0-9.el10.noarch
DEBUG util.py:463:  yum-4.20.0-18.el10.alma.1.noarch
DEBUG util.py:463:  package yum-utils is not installed
DEBUG util.py:463:  package dnf5 is not installed
DEBUG util.py:463:  package dnf5-plugins is not installed
DEBUG util.py:610:  Child return code was: 3
INFO package_manager.py:201:  Buildroot is handled by package management downloaded with a bootstrap image:
  rpm-4.19.1.1-20.el10.alma.1.x86_64
  rpm-sequoia-1.9.0.3-1.el10_1.x86_64
  python3-dnf-4.20.0-18.el10.alma.1.noarch
  python3-dnf-plugins-core-4.7.0-9.el10.noarch
  yum-4.20.0-18.el10.alma.1.noarch
DEBUG file_util.py:17:  ensuring that dir exists: /var/lib/mock/alma+epel-10-x86_64/root/etc
DEBUG file_util.py:17:  ensuring that dir exists: /var/lib/mock/alma+epel-10-x86_64/root/proc
DEBUG util.py:636:  child environment: None
DEBUG util.py:558:  Executing command: ['/bin/mount', '-n', '-t', 'tmpfs', '-o', 'rprivate,mode=0755', 'tmpfs', '/var/lib/mock/alma+epel-10-x86_64/root/proc'] with env {'TERM': 'vt100', 'SHELL': '/bin/sh', 'HOME': '/builddir', 'HOSTNAME': 'mock', 'PATH': '/usr/bin:/bin:/usr/sbin:/sbin', 'LANG': 'C.UTF-8'} and shell False
DEBUG util.py:610:  Child return code was: 0
DEBUG file_util.py:17:  ensuring that dir exists: /var/lib/mock/alma+epel-10-x86_64/root/proc
DEBUG util.py:636:  child environment: None
DEBUG util.py:558:  Executing command: ['/bin/mount', '-n', '-o', 'rbind', '/proc', '/var/lib/mock/alma+epel-10-x86_64/root/proc'] with env {'TERM': 'vt100', 'SHELL': '/bin/sh', 'HOME': '/builddir', 'HOSTNAME': 'mock', 'PATH': '/usr/bin:/bin:/usr/sbin:/sbin', 'LANG': 'C.UTF-8'} and shell False
DEBUG util.py:610:  Child return code was: 0
DEBUG util.py:636:  child environment: None
DEBUG util.py:558:  Executing command: ['/bin/mount', '-n', '-o', 'remount,nodev,noexec,nosuid,readonly,rprivate,rbind', '--target', '/var/lib/mock/alma+epel-10-x86_64/root/proc'] with env {'TERM': 'vt100', 'SHELL': '/bin/sh', 'HOME': '/builddir', 'HOSTNAME': 'mock', 'PATH': '/usr/bin:/bin:/usr/sbin:/sbin', 'LANG': 'C.UTF-8'} and shell False
DEBUG util.py:610:  Child return code was: 0
DEBUG file_util.py:17:  ensuring that dir exists: /var/lib/mock/alma+epel-10-x86_64/root/sys
DEBUG util.py:636:  child environment: None
DEBUG util.py:558:  Executing command: ['/bin/mount', '-n', '-t', 'tmpfs', '-o', 'rprivate,mode=0755', 'tmpfs', '/var/lib/mock/alma+epel-10-x86_64/root/sys'] with env {'TERM': 'vt100', 'SHELL': '/bin/sh', 'HOME': '/builddir', 'HOSTNAME': 'mock', 'PATH': '/usr/bin:/bin:/usr/sbin:/sbin', 'LANG': 'C.UTF-8'} and shell False
DEBUG util.py:610:  Child return code was: 0
DEBUG file_util.py:17:  ensuring that dir exists: /var/lib/mock/alma+epel-10-x86_64/root/sys
DEBUG util.py:636:  child environment: None
DEBUG util.py:558:  Executing command: ['/bin/mount', '-n', '-o', 'rbind', '/sys', '/var/lib/mock/alma+epel-10-x86_64/root/sys'] with env {'TERM': 'vt100', 'SHELL': '/bin/sh', 'HOME': '/builddir', 'HOSTNAME': 'mock', 'PATH': '/usr/bin:/bin:/usr/sbin:/sbin', 'LANG': 'C.UTF-8'} and shell False
DEBUG util.py:610:  Child return code was: 0
DEBUG util.py:636:  child environment: None
DEBUG util.py:558:  Executing command: ['/bin/mount', '-n', '-o', 'remount,nodev,noexec,nosuid,readonly,rprivate,rbind', '--target', '/var/lib/mock/alma+epel-10-x86_64/root/sys'] with env {'TERM': 'vt100', 'SHELL': '/bin/sh', 'HOME': '/builddir', 'HOSTNAME': 'mock', 'PATH': '/usr/bin:/bin:/usr/sbin:/sbin', 'LANG': 'C.UTF-8'} and shell False
DEBUG util.py:610:  Child return code was: 0
DEBUG file_util.py:17:  ensuring that dir exists: /var/lib/mock/alma+epel-10-x86_64/root/dev/shm
DEBUG util.py:636:  child environment: None
DEBUG util.py:558:  Executing command: ['/bin/mount', '-n', '-t', 'tmpfs', 'tmpfs', '/var/lib/mock/alma+epel-10-x86_64/root/dev/shm'] with env {'TERM': 'vt100', 'SHELL': '/bin/sh', 'HOME': '/builddir', 'HOSTNAME': 'mock', 'PATH': '/usr/bin:/bin:/usr/sbin:/sbin', 'LANG': 'C.UTF-8'} and shell False
DEBUG util.py:610:  Child return code was: 0
DEBUG file_util.py:17:  ensuring that dir exists: /var/lib/mock/alma+epel-10-x86_64/root/dev/pts
DEBUG util.py:636:  child environment: None
DEBUG util.py:558:  Executing command: ['/bin/mount', '-n', '-t', 'devpts', '-o', 'gid=5,mode=0620,ptmxmode=0666,newinstance', 'devpts', '/var/lib/mock/alma+epel-10-x86_64/root/dev/pts'] with env {'TERM': 'vt100', 'SHELL': '/bin/sh', 'HOME': '/builddir', 'HOSTNAME': 'mock', 'PATH': '/usr/bin:/bin:/usr/sbin:/sbin', 'LANG': 'C.UTF-8'} and shell False
DEBUG util.py:610:  Child return code was: 0
DEBUG util.py:636:  child environment: None
DEBUG util.py:558:  Executing command: ['/bin/mount', '-n', '-o', 'bind', '/tmp/mock-selinux-plugin.swezp166', '/var/lib/mock/alma+epel-10-x86_64/root/proc/filesystems'] with env {'TERM': 'vt100', 'SHELL': '/bin/sh', 'HOME': '/builddir', 'HOSTNAME': 'mock', 'PATH': '/usr/bin:/bin:/usr/sbin:/sbin', 'LANG': 'C.UTF-8'} and shell False
DEBUG util.py:610:  Child return code was: 0
DEBUG file_util.py:17:  ensuring that dir exists: /var/lib/mock/alma+epel-10-x86_64/root/sys/fs/selinux
DEBUG util.py:636:  child environment: None
DEBUG util.py:558:  Executing command: ['/bin/mount', '-n', '-t', 'tmpfs', 'tmpfs', '/var/lib/mock/alma+epel-10-x86_64/root/sys/fs/selinux'] with env {'TERM': 'vt100', 'SHELL': '/bin/sh', 'HOME': '/builddir', 'HOSTNAME': 'mock', 'PATH': '/usr/bin:/bin:/usr/sbin:/sbin', 'LANG': 'C.UTF-8'} and shell False
DEBUG util.py:610:  Child return code was: 0
DEBUG file_util.py:17:  ensuring that dir exists: /var/lib/mock/alma+epel-10-x86_64-bootstrap/root/var/lib/mock/alma+epel-10-x86_64/root
DEBUG util.py:636:  child environment: None
DEBUG util.py:558:  Executing command: ['/bin/mount', '-n', '-t', 'tmpfs', '-o', 'private,mode=0755', 'tmpfs', '/var/lib/mock/alma+epel-10-x86_64-bootstrap/root/var/lib/mock/alma+epel-10-x86_64/root'] with env {'TERM': 'vt100', 'SHELL': '/bin/sh', 'HOME': '/builddir', 'HOSTNAME': 'mock', 'PATH': '/usr/bin:/bin:/usr/sbin:/sbin', 'LANG': 'C.UTF-8'} and shell False
DEBUG util.py:610:  Child return code was: 0
DEBUG file_util.py:17:  ensuring that dir exists: /var/lib/mock/alma+epel-10-x86_64-bootstrap/root/var/lib/mock/alma+epel-10-x86_64/root
DEBUG util.py:636:  child environment: None
DEBUG util.py:558:  Executing command: ['/bin/mount', '-n', '-o', 'rbind', '/var/lib/mock/alma+epel-10-x86_64/root', '/var/lib/mock/alma+epel-10-x86_64-bootstrap/root/var/lib/mock/alma+epel-10-x86_64/root'] with env {'TERM': 'vt100', 'SHELL': '/bin/sh', 'HOME': '/builddir', 'HOSTNAME': 'mock', 'PATH': '/usr/bin:/bin:/usr/sbin:/sbin', 'LANG': 'C.UTF-8'} and shell False
DEBUG util.py:610:  Child return code was: 0
DEBUG util.py:636:  child environment: None
DEBUG util.py:558:  Executing command: ['/bin/mount', '-n', '-o', 'remount,private,rbind', '--target', '/var/lib/mock/alma+epel-10-x86_64-bootstrap/root/var/lib/mock/alma+epel-10-x86_64/root'] with env {'TERM': 'vt100', 'SHELL': '/bin/sh', 'HOME': '/builddir', 'HOSTNAME': 'mock', 'PATH': '/usr/bin:/bin:/usr/sbin:/sbin', 'LANG': 'C.UTF-8'} and shell False
DEBUG util.py:610:  Child return code was: 0
DEBUG file_util.py:17:  ensuring that dir exists: /var/lib/mock/alma+epel-10-x86_64/root/installation-homedir
DEBUG file_util.py:20:  created dir: /var/lib/mock/alma+epel-10-x86_64/root/installation-homedir
DEBUG package_manager.py:295:  ['/usr/bin/dnf-3', '--installroot', '/var/lib/mock/alma+epel-10-x86_64/root/', '--releasever', '10', '--setopt=deltarpm=False', '--setopt=allow_vendor_change=yes', '--allowerasing', '--disableplugin=local', '--disableplugin=spacewalk', '--disableplugin=versionlock', 'install', 'bash', 'bzip2', 'coreutils', 'cpio', 'diffutils', 'redhat-release', 'findutils', 'gawk', 'glibc-minimal-langpack', 'grep', 'gzip', 'info', 'patch', 'redhat-rpm-config', 'rpm-build', 'sed', 'tar', 'unzip', 'util-linux', 'which', 'xz', 'epel-rpm-macros']
DEBUG util.py:636:  child environment: None
DEBUG util.py:553:  Using nspawn with args ['--capability=cap_ipc_lock', '--bind=/tmp/mock-resolv.fitl_6e6:/etc/resolv.conf']
DEBUG util.py:558:  Executing command: ['/usr/bin/systemd-nspawn', '-q', '-M', 'da65f468245a4ff99175c8c4d0e384b7', '-D', '/var/lib/mock/alma+epel-10-x86_64-bootstrap/root', '-a', '--capability=cap_ipc_lock', '--bind=/tmp/mock-resolv.fitl_6e6:/etc/resolv.conf', '--console=pipe', '--setenv=TERM=vt100', '--setenv=SHELL=/bin/bash', '--setenv=HOME=/var/lib/mock/alma+epel-10-x86_64/root/installation-homedir', '--setenv=HOSTNAME=mock', '--setenv=PATH=/usr/bin:/bin:/usr/sbin:/sbin', '--setenv=PROMPT_COMMAND=printf "\\033]0;<mock-chroot>\\007"', '--setenv=PS1=<mock-chroot> \\s-\\v\\$ ', '--setenv=LANG=C.UTF-8', '--setenv=LC_MESSAGES=C.UTF-8', '--resolv-conf=off', '/usr/bin/dnf-3', '--installroot', '/var/lib/mock/alma+epel-10-x86_64/root/', '--releasever', '10', '--setopt=deltarpm=False', '--setopt=allow_vendor_change=yes', '--allowerasing', '--disableplugin=local', '--disableplugin=spacewalk', '--disableplugin=versionlock', 'install', 'bash', 'bzip2', 'coreutils', 'cpio', 'diffutils', 'redhat-release', 'findutils', 'gawk', 'glibc-minimal-langpack', 'grep', 'gzip', 'info', 'patch', 'redhat-rpm-config', 'rpm-build', 'sed', 'tar', 'unzip', 'util-linux', 'which', 'xz', 'epel-rpm-macros', '--setopt=tsflags=nocontexts'] with env {'TERM': 'vt100', 'SHELL': '/bin/bash', 'HOME': '/var/lib/mock/alma+epel-10-x86_64/root/installation-homedir', 'HOSTNAME': 'mock', 'PATH': '/usr/bin:/bin:/usr/sbin:/sbin', 'PROMPT_COMMAND': 'printf "\\033]0;<mock-chroot>\\007"', 'PS1': '<mock-chroot> \\s-\\v\\$ ', 'LANG': 'C.UTF-8', 'LC_MESSAGES': 'C.UTF-8', 'SYSTEMD_NSPAWN_TMPFS_TMP': '0', 'SYSTEMD_SECCOMP': '0'} and shell False
DEBUG util.py:461:  No matches found for the following disable plugin patterns: local, spacewalk, versionlock
DEBUG util.py:463:  localrepo                                                                                                                                                    131 kB/s | 832  B     00:00    
DEBUG util.py:463:  AlmaLinux 10 - BaseOS                                                                                                                                        3.8 kB/s | 3.8 kB     00:00    
DEBUG util.py:463:  AlmaLinux 10 - BaseOS                                                                                                                                        6.3 MB/s |  21 MB     00:03    
DEBUG util.py:463:  AlmaLinux 10 - AppStream                                                                                                                                     3.9 kB/s | 3.8 kB     00:00    
DEBUG util.py:463:  AlmaLinux 10 - AppStream                                                                                                                                     1.6 MB/s | 2.4 MB     00:01    
DEBUG util.py:463:  AlmaLinux 10 - CRB                                                                                                                                           4.5 kB/s | 3.8 kB     00:00    
DEBUG util.py:463:  AlmaLinux 10 - CRB                                                                                                                                           400 kB/s | 549 kB     00:01    
DEBUG util.py:463:  AlmaLinux 10 - Extras                                                                                                                                        3.6 kB/s | 3.3 kB     00:00    
DEBUG util.py:463:  AlmaLinux 10 - Extras                                                                                                                                         11 kB/s |  12 kB     00:01    
DEBUG util.py:463:  Extra Packages for Enterprise Linux 10 - x86_64                                                                                                               10 kB/s | 9.2 kB     00:00    
DEBUG util.py:463:  Extra Packages for Enterprise Linux 10 - x86_64                                                                                                              2.7 MB/s | 5.7 MB     00:02    
DEBUG util.py:463:  Dependencies resolved.
DEBUG util.py:463:  =============================================================================================================================================================================================
DEBUG util.py:463:   Package                                               Architecture                     Version                                                    Repository                           Size
DEBUG util.py:463:  =============================================================================================================================================================================================
DEBUG util.py:463:  Installing:
DEBUG util.py:463:   almalinux-release                                     x86_64                           10.1-16.el10                                               baseos                               23 k
DEBUG util.py:463:   bash                                                  x86_64                           5.2.26-6.el10                                              baseos                              1.8 M
DEBUG util.py:463:   bzip2                                                 x86_64                           1.0.8-25.el10                                              baseos                               53 k
DEBUG util.py:463:   coreutils                                             x86_64                           9.5-6.el10                                                 baseos                              1.1 M
DEBUG util.py:463:   cpio                                                  x86_64                           2.15-3.el10                                                baseos                              295 k
DEBUG util.py:463:   diffutils                                             x86_64                           3.10-8.el10                                                baseos                              411 k
DEBUG util.py:463:   epel-rpm-macros                                       noarch                           10-7.el10_1                                                epel                                8.4 k
DEBUG util.py:463:   findutils                                             x86_64                           1:4.10.0-5.el10                                            baseos                              553 k
DEBUG util.py:463:   gawk                                                  x86_64                           5.3.0-6.el10                                               baseos                              1.1 M
DEBUG util.py:463:   glibc-minimal-langpack                                x86_64                           2.39-58.el10_1.7.alma.1                                    baseos                               27 k
DEBUG util.py:463:   grep                                                  x86_64                           3.11-10.el10                                               baseos                              304 k
DEBUG util.py:463:   gzip                                                  x86_64                           1.13-3.el10                                                baseos                              173 k
DEBUG util.py:463:   info                                                  x86_64                           7.1-6.el10                                                 baseos                              177 k
DEBUG util.py:463:   patch                                                 x86_64                           2.7.6-26.el10                                              appstream                           128 k
DEBUG util.py:463:   redhat-rpm-config                                     noarch                           293-1.el10.alma.2                                          appstream                            68 k
DEBUG util.py:463:   rpm-build                                             x86_64                           4.19.1.1-20.el10.alma.1                                    appstream                            66 k
DEBUG util.py:463:   sed                                                   x86_64                           4.9-3.el10                                                 baseos                              321 k
DEBUG util.py:463:   tar                                                   x86_64                           2:1.35-9.el10_1                                            baseos                              856 k
DEBUG util.py:463:   unzip                                                 x86_64                           6.0-69.el10                                                baseos                              188 k
DEBUG util.py:463:   util-linux                                            x86_64                           2.40.2-15.el10_1                                           baseos                              1.2 M
DEBUG util.py:463:   which                                                 x86_64                           2.21-44.el10_0                                             baseos                               41 k
DEBUG util.py:463:   xz                                                    x86_64                           1:5.6.2-4.el10_0                                           baseos                              476 k
DEBUG util.py:463:  Installing dependencies:
DEBUG util.py:463:   R-srpm-macros                                         noarch                           1.3.7-1.el10_1                                             epel                                 11 k
DEBUG util.py:463:   almalinux-gpg-keys                                    x86_64                           10.1-16.el10                                               baseos                              8.8 k
DEBUG util.py:463:   almalinux-repos                                       x86_64                           10.1-16.el10                                               baseos                              9.6 k
DEBUG util.py:463:   alternatives                                          x86_64                           1.30-2.el10                                                baseos                               41 k
DEBUG util.py:463:   ansible-srpm-macros                                   noarch                           1-21.el10_1                                                epel                                 20 k
DEBUG util.py:463:   audit-libs                                            x86_64                           4.0.3-4.el10                                               baseos                              132 k
DEBUG util.py:463:   authselect                                            x86_64                           1.5.0-8.el10                                               baseos                              147 k
DEBUG util.py:463:   authselect-libs                                       x86_64                           1.5.0-8.el10                                               baseos                              219 k
DEBUG util.py:463:   basesystem                                            noarch                           11-22.el10                                                 baseos                              7.2 k
DEBUG util.py:463:   binutils                                              x86_64                           2.41-58.el10_1.2.alma.1                                    baseos                              6.3 M
DEBUG util.py:463:   binutils-gold                                         x86_64                           2.41-58.el10_1.2.alma.1                                    baseos                              792 k
DEBUG util.py:463:   bzip2-libs                                            x86_64                           1.0.8-25.el10                                              baseos                               42 k
DEBUG util.py:463:   ca-certificates                                       noarch                           2025.2.80_v9.0.305-102.el10_1                              baseos                              973 k
DEBUG util.py:463:   coreutils-common                                      x86_64                           9.5-6.el10                                                 baseos                              2.1 M
DEBUG util.py:463:   cracklib                                              x86_64                           2.9.11-8.el10                                              baseos                               97 k
DEBUG util.py:463:   cracklib-dicts                                        x86_64                           2.9.11-8.el10                                              baseos                              3.6 M
DEBUG util.py:463:   crypto-policies                                       noarch                           20250905-2.gitc7eb7b2.el10_1.1                             baseos                               66 k
DEBUG util.py:463:   curl                                                  x86_64                           8.12.1-2.el10_1.2                                          baseos                              218 k
DEBUG util.py:463:   cyrus-sasl-lib                                        x86_64                           2.1.28-29.el10                                             baseos                              101 k
DEBUG util.py:463:   debugedit                                             x86_64                           5.1-8.el10                                                 appstream                            79 k
DEBUG util.py:463:   dwz                                                   x86_64                           0.16-1.el10                                                appstream                           139 k
DEBUG util.py:463:   ed                                                    x86_64                           1.20-5.el10                                                baseos                               81 k
DEBUG util.py:463:   efi-srpm-macros                                       noarch                           6-6.el10.alma.1                                            appstream                            23 k
DEBUG util.py:463:   elfutils                                              x86_64                           0.193-1.el10                                               baseos                              566 k
DEBUG util.py:463:   elfutils-debuginfod-client                            x86_64                           0.193-1.el10                                               baseos                               46 k
DEBUG util.py:463:   elfutils-default-yama-scope                           noarch                           0.193-1.el10                                               baseos                               12 k
DEBUG util.py:463:   elfutils-libelf                                       x86_64                           0.193-1.el10                                               baseos                              207 k
DEBUG util.py:463:   elfutils-libs                                         x86_64                           0.193-1.el10                                               baseos                              269 k
DEBUG util.py:463:   file                                                  x86_64                           5.45-8.el10                                                baseos                               48 k
DEBUG util.py:463:   file-libs                                             x86_64                           5.45-8.el10                                                baseos                              763 k
DEBUG util.py:463:   filesystem                                            x86_64                           3.18-17.el10                                               baseos                              1.1 M
DEBUG util.py:463:   fonts-srpm-macros                                     noarch                           1:2.0.5-18.el10                                            appstream                            26 k
DEBUG util.py:463:   forge-srpm-macros                                     noarch                           0.4.0-6.el10                                               appstream                            20 k
DEBUG util.py:463:   fpc-srpm-macros                                       noarch                           1.3-7.el10_1                                               epel                                7.8 k
DEBUG util.py:463:   gdb-minimal                                           x86_64                           16.3-2.el10                                                appstream                           4.3 M
DEBUG util.py:463:   gdbm                                                  x86_64                           1:1.23-12.el10_0                                           baseos                              154 k
DEBUG util.py:463:   gdbm-libs                                             x86_64                           1:1.23-12.el10_0                                           baseos                               56 k
DEBUG util.py:463:   ghc-srpm-macros                                       noarch                           1.9.2-1.el10_0                                             epel                                9.1 k
DEBUG util.py:463:   glibc                                                 x86_64                           2.39-58.el10_1.7.alma.1                                    baseos                              2.1 M
DEBUG util.py:463:   glibc-common                                          x86_64                           2.39-58.el10_1.7.alma.1                                    baseos                              307 k
DEBUG util.py:463:   glibc-gconv-extra                                     x86_64                           2.39-58.el10_1.7.alma.1                                    baseos                              1.5 M
DEBUG util.py:463:   gmp                                                   x86_64                           1:6.2.1-12.el10                                            baseos                              315 k
DEBUG util.py:463:   go-srpm-macros                                        noarch                           3.6.0-8.el10_1                                             appstream                            27 k
DEBUG util.py:463:   jansson                                               x86_64                           2.14-3.el10                                                baseos                               45 k
DEBUG util.py:463:   json-c                                                x86_64                           0.18-3.el10                                                baseos                               44 k
DEBUG util.py:463:   kernel-srpm-macros                                    noarch                           1.0-25.el10                                                appstream                           9.7 k
DEBUG util.py:463:   keyutils-libs                                         x86_64                           1.6.3-5.el10                                               baseos                               30 k
DEBUG util.py:463:   krb5-libs                                             x86_64                           1.21.3-9.el10_1                                            baseos                              753 k
DEBUG util.py:463:   libacl                                                x86_64                           2.3.2-4.el10                                               baseos                               24 k
DEBUG util.py:463:   libarchive                                            x86_64                           3.7.7-8.el10_1                                             baseos                              414 k
DEBUG util.py:463:   libattr                                               x86_64                           2.5.2-5.el10                                               baseos                               18 k
DEBUG util.py:463:   libblkid                                              x86_64                           2.40.2-15.el10_1                                           baseos                              124 k
DEBUG util.py:463:   libbrotli                                             x86_64                           1.1.0-7.el10_1                                             baseos                              343 k
DEBUG util.py:463:   libcap                                                x86_64                           2.69-7.el10_1.1                                            baseos                               84 k
DEBUG util.py:463:   libcap-ng                                             x86_64                           0.8.4-6.el10                                               baseos                               32 k
DEBUG util.py:463:   libcom_err                                            x86_64                           1.47.1-4.el10                                              baseos                               26 k
DEBUG util.py:463:   libcurl                                               x86_64                           8.12.1-2.el10_1.2                                          baseos                              369 k
DEBUG util.py:463:   libeconf                                              x86_64                           0.6.2-4.el10                                               baseos                               32 k
DEBUG util.py:463:   libevent                                              x86_64                           2.1.12-16.el10                                             baseos                              258 k
DEBUG util.py:463:   libfdisk                                              x86_64                           2.40.2-15.el10_1                                           baseos                              159 k
DEBUG util.py:463:   libffi                                                x86_64                           3.4.4-10.el10                                              baseos                               39 k
DEBUG util.py:463:   libgcc                                                x86_64                           14.3.1-2.1.el10.alma.1                                     baseos                              144 k
DEBUG util.py:463:   libgomp                                               x86_64                           14.3.1-2.1.el10.alma.1                                     baseos                              367 k
DEBUG util.py:463:   libidn2                                               x86_64                           2.3.7-3.el10                                               baseos                              121 k
DEBUG util.py:463:   libmount                                              x86_64                           2.40.2-15.el10_1                                           baseos                              155 k
DEBUG util.py:463:   libnghttp2                                            x86_64                           1.64.0-2.el10_1.1                                          baseos                               75 k
DEBUG util.py:463:   libpkgconf                                            x86_64                           2.1.0-3.el10                                               baseos                               38 k
DEBUG util.py:463:   libpsl                                                x86_64                           0.21.5-6.el10                                              baseos                               64 k
DEBUG util.py:463:   libpwquality                                          x86_64                           1.4.5-12.el10                                              baseos                              123 k
DEBUG util.py:463:   libselinux                                            x86_64                           3.9-1.el10                                                 baseos                               97 k
DEBUG util.py:463:   libsemanage                                           x86_64                           3.9-1.el10                                                 baseos                              122 k
DEBUG util.py:463:   libsepol                                              x86_64                           3.9-1.el10                                                 baseos                              348 k
DEBUG util.py:463:   libsmartcols                                          x86_64                           2.40.2-15.el10_1                                           baseos                               83 k
DEBUG util.py:463:   libssh                                                x86_64                           0.11.1-5.el10_1                                            baseos                              232 k
DEBUG util.py:463:   libssh-config                                         noarch                           0.11.1-5.el10_1                                            baseos                              8.6 k
DEBUG util.py:463:   libstdc++                                             x86_64                           14.3.1-2.1.el10.alma.1                                     baseos                              921 k
DEBUG util.py:463:   libtasn1                                              x86_64                           4.20.0-1.el10                                              baseos                               74 k
DEBUG util.py:463:   libunistring                                          x86_64                           1.1-10.el10                                                baseos                              546 k
DEBUG util.py:463:   libutempter                                           x86_64                           1.2.1-15.el10                                              baseos                               26 k
DEBUG util.py:463:   libuuid                                               x86_64                           2.40.2-15.el10_1                                           baseos                               28 k
DEBUG util.py:463:   libverto                                              x86_64                           0.3.2-10.el10                                              baseos                               20 k
DEBUG util.py:463:   libxcrypt                                             x86_64                           4.4.36-10.el10                                             baseos                              119 k
DEBUG util.py:463:   libxml2                                               x86_64                           2.12.5-9.el10_0                                            baseos                              689 k
DEBUG util.py:463:   libzstd                                               x86_64                           1.5.5-9.el10                                               baseos                              294 k
DEBUG util.py:463:   lua-libs                                              x86_64                           5.4.6-7.el10                                               baseos                              131 k
DEBUG util.py:463:   lua-srpm-macros                                       noarch                           1-15.el10                                                  appstream                           8.7 k
DEBUG util.py:463:   lz4-libs                                              x86_64                           1.9.4-8.el10                                               baseos                               67 k
DEBUG util.py:463:   mpfr                                                  x86_64                           4.2.1-5.el10                                               baseos                              347 k
DEBUG util.py:463:   ncurses-base                                          noarch                           6.4-15.20240127.el10_1                                     baseos                               62 k
DEBUG util.py:463:   ncurses-libs                                          x86_64                           6.4-15.20240127.el10_1                                     baseos                              331 k
DEBUG util.py:463:   ocaml-srpm-macros                                     noarch                           10-4.el10                                                  appstream                           9.0 k
DEBUG util.py:463:   openblas-srpm-macros                                  noarch                           2-19.el10                                                  appstream                           7.6 k
DEBUG util.py:463:   openldap                                              x86_64                           2.6.9-1.el10                                               baseos                              222 k
DEBUG util.py:463:   openssl-fips-provider                                 x86_64                           1:3.5.1-7.el10_1.alma.1                                    baseos                              811 k
DEBUG util.py:463:   openssl-libs                                          x86_64                           1:3.5.1-7.el10_1.alma.1                                    baseos                              2.2 M
DEBUG util.py:463:   p11-kit                                               x86_64                           0.25.5-7.el10                                              baseos                              499 k
DEBUG util.py:463:   p11-kit-trust                                         x86_64                           0.25.5-7.el10                                              baseos                              133 k
DEBUG util.py:463:   package-notes-srpm-macros                             noarch                           0.5-13.el10                                                appstream                           9.1 k
DEBUG util.py:463:   pam                                                   x86_64                           1.6.1-8.el10                                               baseos                              512 k
DEBUG util.py:463:   pam-libs                                              x86_64                           1.6.1-8.el10                                               baseos                               57 k
DEBUG util.py:463:   pcre2                                                 x86_64                           10.44-1.el10.3                                             baseos                              245 k
DEBUG util.py:463:   pcre2-syntax                                          noarch                           10.44-1.el10.3                                             baseos                              154 k
DEBUG util.py:463:   perl-srpm-macros                                      noarch                           1-57.el10                                                  appstream                           8.4 k
DEBUG util.py:463:   pkgconf                                               x86_64                           2.1.0-3.el10                                               baseos                               43 k
DEBUG util.py:463:   pkgconf-m4                                            noarch                           2.1.0-3.el10                                               baseos                               14 k
DEBUG util.py:463:   pkgconf-pkg-config                                    x86_64                           2.1.0-3.el10                                               baseos                              9.7 k
DEBUG util.py:463:   popt                                                  x86_64                           1.19-8.el10                                                baseos                               69 k
DEBUG util.py:463:   publicsuffix-list-dafsa                               noarch                           20240107-5.el10                                            baseos                               58 k
DEBUG util.py:463:   pyproject-srpm-macros                                 noarch                           1.16.2-1.el10                                              appstream                            14 k
DEBUG util.py:463:   python-srpm-macros                                    noarch                           3.12-10.el10                                               appstream                            23 k
DEBUG util.py:463:   qt6-srpm-macros                                       noarch                           6.9.1-1.el10                                               appstream                           9.5 k
DEBUG util.py:463:   readline                                              x86_64                           8.2-11.el10                                                baseos                              214 k
DEBUG util.py:463:   rpm                                                   x86_64                           4.19.1.1-20.el10.alma.1                                    baseos                              504 k
DEBUG util.py:463:   rpm-build-libs                                        x86_64                           4.19.1.1-20.el10.alma.1                                    baseos                               93 k
DEBUG util.py:463:   rpm-libs                                              x86_64                           4.19.1.1-20.el10.alma.1                                    baseos                              309 k
DEBUG util.py:463:   rpm-sequoia                                           x86_64                           1.9.0.3-1.el10_1                                           baseos                              963 k
DEBUG util.py:463:   rust-toolset-srpm-macros                              noarch                           1.88.0-1.el10.alma.1                                       appstream                            12 k
DEBUG util.py:463:   setup                                                 noarch                           2.14.5-7.el10                                              baseos                              147 k
DEBUG util.py:463:   shadow-utils                                          x86_64                           2:4.15.0-10.el10_1                                         baseos                              1.3 M
DEBUG util.py:463:   sqlite-libs                                           x86_64                           3.46.1-5.el10_1                                            baseos                              746 k
DEBUG util.py:463:   systemd-libs                                          x86_64                           257-13.el10.alma.1                                         baseos                              814 k
DEBUG util.py:463:   util-linux-core                                       x86_64                           2.40.2-15.el10_1                                           baseos                              520 k
DEBUG util.py:463:   xz-libs                                               x86_64                           1:5.6.2-4.el10_0                                           baseos                              111 k
DEBUG util.py:463:   zip                                                   x86_64                           3.0-45.el10                                                baseos                              268 k
DEBUG util.py:463:   zlib-ng-compat                                        x86_64                           2.2.3-3.el10_1                                             baseos                               76 k
DEBUG util.py:463:   zstd                                                  x86_64                           1.5.5-9.el10                                               baseos                              464 k
DEBUG util.py:463:  Transaction Summary
DEBUG util.py:463:  =============================================================================================================================================================================================
DEBUG util.py:463:  Install  148 Packages
DEBUG util.py:463:  Total size: 56 M
DEBUG util.py:463:  Total download size: 84 k
DEBUG util.py:463:  Installed size: 187 M
DEBUG util.py:463:  Downloading Packages:
DEBUG util.py:463:  [SKIPPED] almalinux-gpg-keys-10.1-16.el10.x86_64.rpm: Already downloaded                                                                                                                    
DEBUG util.py:463:  [SKIPPED] almalinux-release-10.1-16.el10.x86_64.rpm: Already downloaded                                                                                                                     
DEBUG util.py:463:  [SKIPPED] almalinux-repos-10.1-16.el10.x86_64.rpm: Already downloaded                                                                                                                       
DEBUG util.py:463:  [SKIPPED] alternatives-1.30-2.el10.x86_64.rpm: Already downloaded                                                                                                                           
DEBUG util.py:463:  [SKIPPED] audit-libs-4.0.3-4.el10.x86_64.rpm: Already downloaded                                                                                                                            
DEBUG util.py:463:  [SKIPPED] authselect-1.5.0-8.el10.x86_64.rpm: Already downloaded                                                                                                                            
DEBUG util.py:463:  [SKIPPED] authselect-libs-1.5.0-8.el10.x86_64.rpm: Already downloaded                                                                                                                       
DEBUG util.py:463:  [SKIPPED] basesystem-11-22.el10.noarch.rpm: Already downloaded                                                                                                                              
DEBUG util.py:463:  [SKIPPED] bash-5.2.26-6.el10.x86_64.rpm: Already downloaded                                                                                                                                 
DEBUG util.py:463:  [SKIPPED] binutils-2.41-58.el10_1.2.alma.1.x86_64.rpm: Already downloaded                                                                                                                   
DEBUG util.py:463:  [SKIPPED] binutils-gold-2.41-58.el10_1.2.alma.1.x86_64.rpm: Already downloaded                                                                                                              
DEBUG util.py:463:  [SKIPPED] bzip2-1.0.8-25.el10.x86_64.rpm: Already downloaded                                                                                                                                
DEBUG util.py:463:  [SKIPPED] bzip2-libs-1.0.8-25.el10.x86_64.rpm: Already downloaded                                                                                                                           
DEBUG util.py:463:  [SKIPPED] ca-certificates-2025.2.80_v9.0.305-102.el10_1.noarch.rpm: Already downloaded                                                                                                      
DEBUG util.py:463:  [SKIPPED] coreutils-9.5-6.el10.x86_64.rpm: Already downloaded                                                                                                                               
DEBUG util.py:463:  [SKIPPED] coreutils-common-9.5-6.el10.x86_64.rpm: Already downloaded                                                                                                                        
DEBUG util.py:463:  [SKIPPED] cpio-2.15-3.el10.x86_64.rpm: Already downloaded                                                                                                                                   
DEBUG util.py:463:  [SKIPPED] cracklib-2.9.11-8.el10.x86_64.rpm: Already downloaded                                                                                                                             
DEBUG util.py:463:  [SKIPPED] cracklib-dicts-2.9.11-8.el10.x86_64.rpm: Already downloaded                                                                                                                       
DEBUG util.py:463:  [SKIPPED] crypto-policies-20250905-2.gitc7eb7b2.el10_1.1.noarch.rpm: Already downloaded                                                                                                     
DEBUG util.py:463:  [SKIPPED] curl-8.12.1-2.el10_1.2.x86_64.rpm: Already downloaded                                                                                                                             
DEBUG util.py:463:  [SKIPPED] cyrus-sasl-lib-2.1.28-29.el10.x86_64.rpm: Already downloaded                                                                                                                      
DEBUG util.py:463:  [SKIPPED] diffutils-3.10-8.el10.x86_64.rpm: Already downloaded                                                                                                                              
DEBUG util.py:463:  [SKIPPED] ed-1.20-5.el10.x86_64.rpm: Already downloaded                                                                                                                                     
DEBUG util.py:463:  [SKIPPED] elfutils-0.193-1.el10.x86_64.rpm: Already downloaded                                                                                                                              
DEBUG util.py:463:  [SKIPPED] elfutils-debuginfod-client-0.193-1.el10.x86_64.rpm: Already downloaded                                                                                                            
DEBUG util.py:463:  [SKIPPED] elfutils-default-yama-scope-0.193-1.el10.noarch.rpm: Already downloaded                                                                                                           
DEBUG util.py:463:  [SKIPPED] elfutils-libelf-0.193-1.el10.x86_64.rpm: Already downloaded                                                                                                                       
DEBUG util.py:463:  [SKIPPED] elfutils-libs-0.193-1.el10.x86_64.rpm: Already downloaded                                                                                                                         
DEBUG util.py:463:  [SKIPPED] file-5.45-8.el10.x86_64.rpm: Already downloaded                                                                                                                                   
DEBUG util.py:463:  [SKIPPED] file-libs-5.45-8.el10.x86_64.rpm: Already downloaded                                                                                                                              
DEBUG util.py:463:  [SKIPPED] filesystem-3.18-17.el10.x86_64.rpm: Already downloaded                                                                                                                            
DEBUG util.py:463:  [SKIPPED] findutils-4.10.0-5.el10.x86_64.rpm: Already downloaded                                                                                                                            
DEBUG util.py:463:  [SKIPPED] gawk-5.3.0-6.el10.x86_64.rpm: Already downloaded                                                                                                                                  
DEBUG util.py:463:  [SKIPPED] gdbm-1.23-12.el10_0.x86_64.rpm: Already downloaded                                                                                                                                
DEBUG util.py:463:  [SKIPPED] gdbm-libs-1.23-12.el10_0.x86_64.rpm: Already downloaded                                                                                                                           
DEBUG util.py:463:  [SKIPPED] glibc-2.39-58.el10_1.7.alma.1.x86_64.rpm: Already downloaded                                                                                                                      
DEBUG util.py:463:  [SKIPPED] glibc-common-2.39-58.el10_1.7.alma.1.x86_64.rpm: Already downloaded                                                                                                               
DEBUG util.py:463:  [SKIPPED] glibc-gconv-extra-2.39-58.el10_1.7.alma.1.x86_64.rpm: Already downloaded                                                                                                          
DEBUG util.py:463:  [SKIPPED] glibc-minimal-langpack-2.39-58.el10_1.7.alma.1.x86_64.rpm: Already downloaded                                                                                                     
DEBUG util.py:463:  [SKIPPED] gmp-6.2.1-12.el10.x86_64.rpm: Already downloaded                                                                                                                                  
DEBUG util.py:463:  [SKIPPED] grep-3.11-10.el10.x86_64.rpm: Already downloaded                                                                                                                                  
DEBUG util.py:463:  [SKIPPED] gzip-1.13-3.el10.x86_64.rpm: Already downloaded                                                                                                                                   
DEBUG util.py:463:  [SKIPPED] info-7.1-6.el10.x86_64.rpm: Already downloaded                                                                                                                                    
DEBUG util.py:463:  [SKIPPED] jansson-2.14-3.el10.x86_64.rpm: Already downloaded                                                                                                                                
DEBUG util.py:463:  [SKIPPED] json-c-0.18-3.el10.x86_64.rpm: Already downloaded                                                                                                                                 
DEBUG util.py:463:  [SKIPPED] keyutils-libs-1.6.3-5.el10.x86_64.rpm: Already downloaded                                                                                                                         
DEBUG util.py:463:  [SKIPPED] krb5-libs-1.21.3-9.el10_1.x86_64.rpm: Already downloaded                                                                                                                          
DEBUG util.py:463:  [SKIPPED] libacl-2.3.2-4.el10.x86_64.rpm: Already downloaded                                                                                                                                
DEBUG util.py:463:  [SKIPPED] libarchive-3.7.7-8.el10_1.x86_64.rpm: Already downloaded                                                                                                                          
DEBUG util.py:463:  [SKIPPED] libattr-2.5.2-5.el10.x86_64.rpm: Already downloaded                                                                                                                               
DEBUG util.py:463:  [SKIPPED] libblkid-2.40.2-15.el10_1.x86_64.rpm: Already downloaded                                                                                                                          
DEBUG util.py:463:  [SKIPPED] libbrotli-1.1.0-7.el10_1.x86_64.rpm: Already downloaded                                                                                                                           
DEBUG util.py:463:  [SKIPPED] libcap-ng-0.8.4-6.el10.x86_64.rpm: Already downloaded                                                                                                                             
DEBUG util.py:463:  [SKIPPED] libcom_err-1.47.1-4.el10.x86_64.rpm: Already downloaded                                                                                                                           
DEBUG util.py:463:  [SKIPPED] libcurl-8.12.1-2.el10_1.2.x86_64.rpm: Already downloaded                                                                                                                          
DEBUG util.py:463:  [SKIPPED] libeconf-0.6.2-4.el10.x86_64.rpm: Already downloaded                                                                                                                              
DEBUG util.py:463:  [SKIPPED] libevent-2.1.12-16.el10.x86_64.rpm: Already downloaded                                                                                                                            
DEBUG util.py:463:  [SKIPPED] libfdisk-2.40.2-15.el10_1.x86_64.rpm: Already downloaded                                                                                                                          
DEBUG util.py:463:  [SKIPPED] libffi-3.4.4-10.el10.x86_64.rpm: Already downloaded                                                                                                                               
DEBUG util.py:463:  [SKIPPED] libgcc-14.3.1-2.1.el10.alma.1.x86_64.rpm: Already downloaded                                                                                                                      
DEBUG util.py:463:  [SKIPPED] libgomp-14.3.1-2.1.el10.alma.1.x86_64.rpm: Already downloaded                                                                                                                     
DEBUG util.py:463:  [SKIPPED] libidn2-2.3.7-3.el10.x86_64.rpm: Already downloaded                                                                                                                               
DEBUG util.py:463:  [SKIPPED] libmount-2.40.2-15.el10_1.x86_64.rpm: Already downloaded                                                                                                                          
DEBUG util.py:463:  [SKIPPED] libnghttp2-1.64.0-2.el10_1.1.x86_64.rpm: Already downloaded                                                                                                                       
DEBUG util.py:463:  [SKIPPED] libpkgconf-2.1.0-3.el10.x86_64.rpm: Already downloaded                                                                                                                            
DEBUG util.py:463:  [SKIPPED] libpsl-0.21.5-6.el10.x86_64.rpm: Already downloaded                                                                                                                               
DEBUG util.py:463:  [SKIPPED] libpwquality-1.4.5-12.el10.x86_64.rpm: Already downloaded                                                                                                                         
DEBUG util.py:463:  [SKIPPED] libselinux-3.9-1.el10.x86_64.rpm: Already downloaded                                                                                                                              
DEBUG util.py:463:  [SKIPPED] libsemanage-3.9-1.el10.x86_64.rpm: Already downloaded                                                                                                                             
DEBUG util.py:463:  [SKIPPED] libsepol-3.9-1.el10.x86_64.rpm: Already downloaded                                                                                                                                
DEBUG util.py:463:  [SKIPPED] libsmartcols-2.40.2-15.el10_1.x86_64.rpm: Already downloaded                                                                                                                      
DEBUG util.py:463:  [SKIPPED] libssh-0.11.1-5.el10_1.x86_64.rpm: Already downloaded                                                                                                                             
DEBUG util.py:463:  [SKIPPED] libssh-config-0.11.1-5.el10_1.noarch.rpm: Already downloaded                                                                                                                      
DEBUG util.py:463:  [SKIPPED] libstdc++-14.3.1-2.1.el10.alma.1.x86_64.rpm: Already downloaded                                                                                                                   
DEBUG util.py:463:  [SKIPPED] libtasn1-4.20.0-1.el10.x86_64.rpm: Already downloaded                                                                                                                             
DEBUG util.py:463:  [SKIPPED] libunistring-1.1-10.el10.x86_64.rpm: Already downloaded                                                                                                                           
DEBUG util.py:463:  [SKIPPED] libutempter-1.2.1-15.el10.x86_64.rpm: Already downloaded                                                                                                                          
DEBUG util.py:463:  [SKIPPED] libuuid-2.40.2-15.el10_1.x86_64.rpm: Already downloaded                                                                                                                           
DEBUG util.py:463:  [SKIPPED] libverto-0.3.2-10.el10.x86_64.rpm: Already downloaded                                                                                                                             
DEBUG util.py:463:  [SKIPPED] libxcrypt-4.4.36-10.el10.x86_64.rpm: Already downloaded                                                                                                                           
DEBUG util.py:463:  [SKIPPED] libxml2-2.12.5-9.el10_0.x86_64.rpm: Already downloaded                                                                                                                            
DEBUG util.py:463:  [SKIPPED] libzstd-1.5.5-9.el10.x86_64.rpm: Already downloaded                                                                                                                               
DEBUG util.py:463:  [SKIPPED] lua-libs-5.4.6-7.el10.x86_64.rpm: Already downloaded                                                                                                                              
DEBUG util.py:463:  [SKIPPED] lz4-libs-1.9.4-8.el10.x86_64.rpm: Already downloaded                                                                                                                              
DEBUG util.py:463:  [SKIPPED] mpfr-4.2.1-5.el10.x86_64.rpm: Already downloaded                                                                                                                                  
DEBUG util.py:463:  [SKIPPED] ncurses-base-6.4-15.20240127.el10_1.noarch.rpm: Already downloaded                                                                                                                
DEBUG util.py:463:  [SKIPPED] ncurses-libs-6.4-15.20240127.el10_1.x86_64.rpm: Already downloaded                                                                                                                
DEBUG util.py:463:  [SKIPPED] openldap-2.6.9-1.el10.x86_64.rpm: Already downloaded                                                                                                                              
DEBUG util.py:463:  [SKIPPED] openssl-fips-provider-3.5.1-7.el10_1.alma.1.x86_64.rpm: Already downloaded                                                                                                        
DEBUG util.py:463:  [SKIPPED] openssl-libs-3.5.1-7.el10_1.alma.1.x86_64.rpm: Already downloaded                                                                                                                 
DEBUG util.py:463:  [SKIPPED] p11-kit-0.25.5-7.el10.x86_64.rpm: Already downloaded                                                                                                                              
DEBUG util.py:463:  [SKIPPED] p11-kit-trust-0.25.5-7.el10.x86_64.rpm: Already downloaded                                                                                                                        
DEBUG util.py:463:  [SKIPPED] pam-1.6.1-8.el10.x86_64.rpm: Already downloaded                                                                                                                                   
DEBUG util.py:463:  [SKIPPED] pam-libs-1.6.1-8.el10.x86_64.rpm: Already downloaded                                                                                                                              
DEBUG util.py:463:  [SKIPPED] pcre2-10.44-1.el10.3.x86_64.rpm: Already downloaded                                                                                                                               
DEBUG util.py:463:  [SKIPPED] pcre2-syntax-10.44-1.el10.3.noarch.rpm: Already downloaded                                                                                                                        
DEBUG util.py:463:  [SKIPPED] pkgconf-2.1.0-3.el10.x86_64.rpm: Already downloaded                                                                                                                               
DEBUG util.py:463:  [SKIPPED] pkgconf-m4-2.1.0-3.el10.noarch.rpm: Already downloaded                                                                                                                            
DEBUG util.py:463:  [SKIPPED] pkgconf-pkg-config-2.1.0-3.el10.x86_64.rpm: Already downloaded                                                                                                                    
DEBUG util.py:463:  [SKIPPED] popt-1.19-8.el10.x86_64.rpm: Already downloaded                                                                                                                                   
DEBUG util.py:463:  [SKIPPED] publicsuffix-list-dafsa-20240107-5.el10.noarch.rpm: Already downloaded                                                                                                            
DEBUG util.py:463:  [SKIPPED] readline-8.2-11.el10.x86_64.rpm: Already downloaded                                                                                                                               
DEBUG util.py:463:  [SKIPPED] rpm-4.19.1.1-20.el10.alma.1.x86_64.rpm: Already downloaded                                                                                                                        
DEBUG util.py:463:  [SKIPPED] rpm-build-libs-4.19.1.1-20.el10.alma.1.x86_64.rpm: Already downloaded                                                                                                             
DEBUG util.py:463:  [SKIPPED] rpm-libs-4.19.1.1-20.el10.alma.1.x86_64.rpm: Already downloaded                                                                                                                   
DEBUG util.py:463:  [SKIPPED] rpm-sequoia-1.9.0.3-1.el10_1.x86_64.rpm: Already downloaded                                                                                                                       
DEBUG util.py:463:  [SKIPPED] sed-4.9-3.el10.x86_64.rpm: Already downloaded                                                                                                                                     
DEBUG util.py:463:  [SKIPPED] setup-2.14.5-7.el10.noarch.rpm: Already downloaded                                                                                                                                
DEBUG util.py:463:  [SKIPPED] shadow-utils-4.15.0-10.el10_1.x86_64.rpm: Already downloaded                                                                                                                      
DEBUG util.py:463:  [SKIPPED] sqlite-libs-3.46.1-5.el10_1.x86_64.rpm: Already downloaded                                                                                                                        
DEBUG util.py:463:  [SKIPPED] systemd-libs-257-13.el10.alma.1.x86_64.rpm: Already downloaded                                                                                                                    
DEBUG util.py:463:  [SKIPPED] tar-1.35-9.el10_1.x86_64.rpm: Already downloaded                                                                                                                                  
DEBUG util.py:463:  [SKIPPED] unzip-6.0-69.el10.x86_64.rpm: Already downloaded                                                                                                                                  
DEBUG util.py:463:  [SKIPPED] util-linux-2.40.2-15.el10_1.x86_64.rpm: Already downloaded                                                                                                                        
DEBUG util.py:463:  [SKIPPED] util-linux-core-2.40.2-15.el10_1.x86_64.rpm: Already downloaded                                                                                                                   
DEBUG util.py:463:  [SKIPPED] which-2.21-44.el10_0.x86_64.rpm: Already downloaded                                                                                                                               
DEBUG util.py:463:  [SKIPPED] xz-5.6.2-4.el10_0.x86_64.rpm: Already downloaded                                                                                                                                  
DEBUG util.py:463:  [SKIPPED] xz-libs-5.6.2-4.el10_0.x86_64.rpm: Already downloaded                                                                                                                             
DEBUG util.py:463:  [SKIPPED] zip-3.0-45.el10.x86_64.rpm: Already downloaded                                                                                                                                    
DEBUG util.py:463:  [SKIPPED] zlib-ng-compat-2.2.3-3.el10_1.x86_64.rpm: Already downloaded                                                                                                                      
DEBUG util.py:463:  [SKIPPED] zstd-1.5.5-9.el10.x86_64.rpm: Already downloaded                                                                                                                                  
DEBUG util.py:463:  [SKIPPED] debugedit-5.1-8.el10.x86_64.rpm: Already downloaded                                                                                                                               
DEBUG util.py:463:  [SKIPPED] dwz-0.16-1.el10.x86_64.rpm: Already downloaded                                                                                                                                    
DEBUG util.py:463:  [SKIPPED] efi-srpm-macros-6-6.el10.alma.1.noarch.rpm: Already downloaded                                                                                                                    
DEBUG util.py:463:  [SKIPPED] fonts-srpm-macros-2.0.5-18.el10.noarch.rpm: Already downloaded                                                                                                                    
DEBUG util.py:463:  [SKIPPED] forge-srpm-macros-0.4.0-6.el10.noarch.rpm: Already downloaded                                                                                                                     
DEBUG util.py:463:  [SKIPPED] gdb-minimal-16.3-2.el10.x86_64.rpm: Already downloaded                                                                                                                            
DEBUG util.py:463:  [SKIPPED] go-srpm-macros-3.6.0-8.el10_1.noarch.rpm: Already downloaded                                                                                                                      
DEBUG util.py:463:  [SKIPPED] kernel-srpm-macros-1.0-25.el10.noarch.rpm: Already downloaded                                                                                                                     
DEBUG util.py:463:  [SKIPPED] lua-srpm-macros-1-15.el10.noarch.rpm: Already downloaded                                                                                                                          
DEBUG util.py:463:  [SKIPPED] ocaml-srpm-macros-10-4.el10.noarch.rpm: Already downloaded                                                                                                                        
DEBUG util.py:463:  [SKIPPED] openblas-srpm-macros-2-19.el10.noarch.rpm: Already downloaded                                                                                                                     
DEBUG util.py:463:  [SKIPPED] package-notes-srpm-macros-0.5-13.el10.noarch.rpm: Already downloaded                                                                                                              
DEBUG util.py:463:  [SKIPPED] patch-2.7.6-26.el10.x86_64.rpm: Already downloaded                                                                                                                                
DEBUG util.py:463:  [SKIPPED] perl-srpm-macros-1-57.el10.noarch.rpm: Already downloaded                                                                                                                         
DEBUG util.py:463:  [SKIPPED] pyproject-srpm-macros-1.16.2-1.el10.noarch.rpm: Already downloaded                                                                                                                
DEBUG util.py:463:  [SKIPPED] python-srpm-macros-3.12-10.el10.noarch.rpm: Already downloaded                                                                                                                    
DEBUG util.py:463:  [SKIPPED] qt6-srpm-macros-6.9.1-1.el10.noarch.rpm: Already downloaded                                                                                                                       
DEBUG util.py:463:  [SKIPPED] redhat-rpm-config-293-1.el10.alma.2.noarch.rpm: Already downloaded                                                                                                                
DEBUG util.py:463:  [SKIPPED] rpm-build-4.19.1.1-20.el10.alma.1.x86_64.rpm: Already downloaded                                                                                                                  
DEBUG util.py:463:  [SKIPPED] rust-toolset-srpm-macros-1.88.0-1.el10.alma.1.noarch.rpm: Already downloaded                                                                                                      
DEBUG util.py:463:  [SKIPPED] R-srpm-macros-1.3.7-1.el10_1.noarch.rpm: Already downloaded                                                                                                                       
DEBUG util.py:463:  [SKIPPED] ansible-srpm-macros-1-21.el10_1.noarch.rpm: Already downloaded                                                                                                                    
DEBUG util.py:463:  [SKIPPED] epel-rpm-macros-10-7.el10_1.noarch.rpm: Already downloaded                                                                                                                        
DEBUG util.py:463:  [SKIPPED] fpc-srpm-macros-1.3-7.el10_1.noarch.rpm: Already downloaded                                                                                                                       
DEBUG util.py:463:  [SKIPPED] ghc-srpm-macros-1.9.2-1.el10_0.noarch.rpm: Already downloaded                                                                                                                     
DEBUG util.py:463:  (148/148): libcap-2.69-7.el10_1.1.x86_64.rpm                                                                                                                 353 kB/s |  84 kB     00:00    
DEBUG util.py:463:  ---------------------------------------------------------------------------------------------------------------------------------------------------------------------------------------------
DEBUG util.py:463:  Total                                                                                                                                                         76 kB/s |  84 kB     00:01     
DEBUG util.py:463:  AlmaLinux 10 - BaseOS                                                                                                                                        989 kB/s | 1.6 kB     00:00    
DEBUG util.py:461:  Importing GPG key 0xC2A1E572:
DEBUG util.py:461:   Userid     : "AlmaLinux OS 10 <packager@almalinux.org>"
DEBUG util.py:461:   Fingerprint: EE6D B7B9 8F5B F5ED D9DA 0DE5 DEE5 C11C C2A1 E572
DEBUG util.py:461:   From       : /usr/share/distribution-gpg-keys/alma/RPM-GPG-KEY-AlmaLinux-10
DEBUG util.py:463:  Key imported successfully
DEBUG util.py:463:  Extra Packages for Enterprise Linux 10 - x86_64                                                                                                              1.1 MB/s | 1.6 kB     00:00    
DEBUG util.py:461:  Importing GPG key 0xE37ED158:
DEBUG util.py:461:   Userid     : "Fedora (epel10) <epel@fedoraproject.org>"
DEBUG util.py:461:   Fingerprint: 7D8D 15CB FC4E 6268 8591 FB26 33D9 8517 E37E D158
DEBUG util.py:461:   From       : /usr/share/distribution-gpg-keys/epel/RPM-GPG-KEY-EPEL-10
DEBUG util.py:463:  Key imported successfully
DEBUG util.py:463:  Running transaction check
DEBUG util.py:463:  Transaction check succeeded.
DEBUG util.py:463:  Running transaction test
DEBUG util.py:463:  Transaction test succeeded.
DEBUG util.py:463:  Running transaction
DEBUG util.py:463:    Running scriptlet: filesystem-3.18-17.el10.x86_64                                                                                                                                      1/1 
DEBUG util.py:463:    Preparing        :                                                                                                                                                                     1/1 
DEBUG util.py:463:    Installing       : libgcc-14.3.1-2.1.el10.alma.1.x86_64                                                                                                                              1/148 
DEBUG util.py:463:    Running scriptlet: libgcc-14.3.1-2.1.el10.alma.1.x86_64                                                                                                                              1/148 
DEBUG util.py:463:    Installing       : ghc-srpm-macros-1.9.2-1.el10_0.noarch                                                                                                                             2/148 
DEBUG util.py:463:    Installing       : fpc-srpm-macros-1.3-7.el10_1.noarch                                                                                                                               3/148 
DEBUG util.py:463:    Installing       : ansible-srpm-macros-1-21.el10_1.noarch                                                                                                                            4/148 
DEBUG util.py:463:    Installing       : rust-toolset-srpm-macros-1.88.0-1.el10.alma.1.noarch                                                                                                              5/148 
DEBUG util.py:463:    Installing       : qt6-srpm-macros-6.9.1-1.el10.noarch                                                                                                                               6/148 
DEBUG util.py:463:    Installing       : perl-srpm-macros-1-57.el10.noarch                                                                                                                                 7/148 
DEBUG util.py:463:    Installing       : package-notes-srpm-macros-0.5-13.el10.noarch                                                                                                                      8/148 
DEBUG util.py:463:    Installing       : openblas-srpm-macros-2-19.el10.noarch                                                                                                                             9/148 
DEBUG util.py:463:    Installing       : ocaml-srpm-macros-10-4.el10.noarch                                                                                                                               10/148 
DEBUG util.py:463:    Installing       : kernel-srpm-macros-1.0-25.el10.noarch                                                                                                                            11/148 
DEBUG util.py:463:    Installing       : publicsuffix-list-dafsa-20240107-5.el10.noarch                                                                                                                   12/148 
DEBUG util.py:463:    Installing       : pkgconf-m4-2.1.0-3.el10.noarch                                                                                                                                   13/148 
DEBUG util.py:463:    Installing       : pcre2-syntax-10.44-1.el10.3.noarch                                                                                                                               14/148 
DEBUG util.py:463:    Installing       : ncurses-base-6.4-15.20240127.el10_1.noarch                                                                                                                       15/148 
DEBUG util.py:463:    Installing       : libssh-config-0.11.1-5.el10_1.noarch                                                                                                                             16/148 
DEBUG util.py:463:    Installing       : coreutils-common-9.5-6.el10.x86_64                                                                                                                               17/148 
DEBUG util.py:463:    Installing       : almalinux-gpg-keys-10.1-16.el10.x86_64                                                                                                                           18/148 
DEBUG util.py:463:    Installing       : almalinux-release-10.1-16.el10.x86_64                                                                                                                            19/148 
DEBUG util.py:463:    Installing       : almalinux-repos-10.1-16.el10.x86_64                                                                                                                              20/148 
DEBUG util.py:463:    Installing       : setup-2.14.5-7.el10.noarch                                                                                                                                       21/148 
DEBUG util.py:463:  warning: /etc/hosts created as /etc/hosts.rpmnew
DEBUG util.py:463:    Running scriptlet: setup-2.14.5-7.el10.noarch                                                                                                                                       21/148 
DEBUG util.py:463:    Installing       : filesystem-3.18-17.el10.x86_64                                                                                                                                   22/148 
DEBUG util.py:463:    Installing       : basesystem-11-22.el10.noarch                                                                                                                                     23/148 
DEBUG util.py:463:    Installing       : glibc-gconv-extra-2.39-58.el10_1.7.alma.1.x86_64                                                                                                                 24/148 
DEBUG util.py:463:    Running scriptlet: glibc-gconv-extra-2.39-58.el10_1.7.alma.1.x86_64                                                                                                                 24/148 
DEBUG util.py:463:    Installing       : ncurses-libs-6.4-15.20240127.el10_1.x86_64                                                                                                                       25/148 
DEBUG util.py:463:    Running scriptlet: glibc-2.39-58.el10_1.7.alma.1.x86_64                                                                                                                             26/148 
DEBUG util.py:463:    Installing       : glibc-2.39-58.el10_1.7.alma.1.x86_64                                                                                                                             26/148 
DEBUG util.py:463:    Running scriptlet: glibc-2.39-58.el10_1.7.alma.1.x86_64                                                                                                                             26/148 
DEBUG util.py:463:    Installing       : bash-5.2.26-6.el10.x86_64                                                                                                                                        27/148 
DEBUG util.py:463:    Running scriptlet: bash-5.2.26-6.el10.x86_64                                                                                                                                        27/148 
DEBUG util.py:463:    Installing       : glibc-common-2.39-58.el10_1.7.alma.1.x86_64                                                                                                                      28/148 
DEBUG util.py:463:    Installing       : glibc-minimal-langpack-2.39-58.el10_1.7.alma.1.x86_64                                                                                                            29/148 
DEBUG util.py:463:    Installing       : zlib-ng-compat-2.2.3-3.el10_1.x86_64                                                                                                                             30/148 
DEBUG util.py:463:    Installing       : bzip2-libs-1.0.8-25.el10.x86_64                                                                                                                                  31/148 
DEBUG util.py:463:    Installing       : xz-libs-1:5.6.2-4.el10_0.x86_64                                                                                                                                  32/148 
DEBUG util.py:463:    Installing       : libstdc++-14.3.1-2.1.el10.alma.1.x86_64                                                                                                                          33/148 
DEBUG util.py:463:    Installing       : libuuid-2.40.2-15.el10_1.x86_64                                                                                                                                  34/148 
DEBUG util.py:463:    Installing       : popt-1.19-8.el10.x86_64                                                                                                                                          35/148 
DEBUG util.py:463:    Installing       : readline-8.2-11.el10.x86_64                                                                                                                                      36/148 
DEBUG util.py:463:    Installing       : libblkid-2.40.2-15.el10_1.x86_64                                                                                                                                 37/148 
DEBUG util.py:463:    Installing       : gmp-1:6.2.1-12.el10.x86_64                                                                                                                                       38/148 
DEBUG util.py:463:    Installing       : libattr-2.5.2-5.el10.x86_64                                                                                                                                      39/148 
DEBUG util.py:463:    Installing       : libacl-2.3.2-4.el10.x86_64                                                                                                                                       40/148 
DEBUG util.py:463:    Installing       : libxcrypt-4.4.36-10.el10.x86_64                                                                                                                                  41/148 
DEBUG util.py:463:    Installing       : libzstd-1.5.5-9.el10.x86_64                                                                                                                                      42/148 
DEBUG util.py:463:    Installing       : elfutils-libelf-0.193-1.el10.x86_64                                                                                                                              43/148 
DEBUG util.py:463:    Running scriptlet: crypto-policies-20250905-2.gitc7eb7b2.el10_1.1.noarch                                                                                                            44/148 
DEBUG util.py:463:    Installing       : crypto-policies-20250905-2.gitc7eb7b2.el10_1.1.noarch                                                                                                            44/148 
DEBUG util.py:463:    Running scriptlet: crypto-policies-20250905-2.gitc7eb7b2.el10_1.1.noarch                                                                                                            44/148 
DEBUG util.py:463:    Installing       : gdbm-libs-1:1.23-12.el10_0.x86_64                                                                                                                                45/148 
DEBUG util.py:463:    Installing       : libeconf-0.6.2-4.el10.x86_64                                                                                                                                     46/148 
DEBUG util.py:463:    Installing       : dwz-0.16-1.el10.x86_64                                                                                                                                           47/148 
DEBUG util.py:463:    Installing       : mpfr-4.2.1-5.el10.x86_64                                                                                                                                         48/148 
DEBUG util.py:463:    Installing       : gawk-5.3.0-6.el10.x86_64                                                                                                                                         49/148 
DEBUG util.py:463:    Installing       : unzip-6.0-69.el10.x86_64                                                                                                                                         50/148 
DEBUG util.py:463:    Installing       : file-libs-5.45-8.el10.x86_64                                                                                                                                     51/148 
DEBUG util.py:463:    Installing       : file-5.45-8.el10.x86_64                                                                                                                                          52/148 
DEBUG util.py:463:    Installing       : alternatives-1.30-2.el10.x86_64                                                                                                                                  53/148 
DEBUG util.py:463:    Installing       : jansson-2.14-3.el10.x86_64                                                                                                                                       54/148 
DEBUG util.py:463:    Installing       : libcap-ng-0.8.4-6.el10.x86_64                                                                                                                                    55/148 
DEBUG util.py:463:    Installing       : audit-libs-4.0.3-4.el10.x86_64                                                                                                                                   56/148 
DEBUG util.py:463:    Installing       : pam-libs-1.6.1-8.el10.x86_64                                                                                                                                     57/148 
DEBUG util.py:463:    Installing       : libcap-2.69-7.el10_1.1.x86_64                                                                                                                                    58/148 
DEBUG util.py:463:    Installing       : systemd-libs-257-13.el10.alma.1.x86_64                                                                                                                           59/148 
DEBUG util.py:463:    Installing       : libffi-3.4.4-10.el10.x86_64                                                                                                                                      60/148 
DEBUG util.py:463:    Installing       : libsepol-3.9-1.el10.x86_64                                                                                                                                       61/148 
DEBUG util.py:463:    Installing       : libsmartcols-2.40.2-15.el10_1.x86_64                                                                                                                             62/148 
DEBUG util.py:463:    Installing       : libtasn1-4.20.0-1.el10.x86_64                                                                                                                                    63/148 
DEBUG util.py:463:    Installing       : libunistring-1.1-10.el10.x86_64                                                                                                                                  64/148 
DEBUG util.py:463:    Installing       : libidn2-2.3.7-3.el10.x86_64                                                                                                                                      65/148 
DEBUG util.py:463:    Installing       : lua-libs-5.4.6-7.el10.x86_64                                                                                                                                     66/148 
DEBUG util.py:463:    Installing       : lz4-libs-1.9.4-8.el10.x86_64                                                                                                                                     67/148 
DEBUG util.py:463:    Installing       : pcre2-10.44-1.el10.3.x86_64                                                                                                                                      68/148 
DEBUG util.py:463:    Installing       : libselinux-3.9-1.el10.x86_64                                                                                                                                     69/148 
DEBUG util.py:463:    Installing       : sed-4.9-3.el10.x86_64                                                                                                                                            70/148 
DEBUG util.py:463:    Installing       : findutils-1:4.10.0-5.el10.x86_64                                                                                                                                 71/148 
DEBUG util.py:463:    Installing       : grep-3.11-10.el10.x86_64                                                                                                                                         72/148 
DEBUG util.py:463:    Installing       : xz-1:5.6.2-4.el10_0.x86_64                                                                                                                                       73/148 
DEBUG util.py:463:    Installing       : libmount-2.40.2-15.el10_1.x86_64                                                                                                                                 74/148 
DEBUG util.py:463:    Installing       : util-linux-core-2.40.2-15.el10_1.x86_64                                                                                                                          75/148 
DEBUG util.py:463:    Installing       : libsemanage-3.9-1.el10.x86_64                                                                                                                                    76/148 
DEBUG util.py:463:    Installing       : shadow-utils-2:4.15.0-10.el10_1.x86_64                                                                                                                           77/148 
DEBUG util.py:463:    Running scriptlet: libutempter-1.2.1-15.el10.x86_64                                                                                                                                 78/148 
DEBUG util.py:463:    Installing       : libutempter-1.2.1-15.el10.x86_64                                                                                                                                 78/148 
DEBUG util.py:463:    Installing       : tar-2:1.35-9.el10_1.x86_64                                                                                                                                       79/148 
DEBUG util.py:463:    Installing       : zstd-1.5.5-9.el10.x86_64                                                                                                                                         80/148 
DEBUG util.py:463:    Installing       : libpsl-0.21.5-6.el10.x86_64                                                                                                                                      81/148 
DEBUG util.py:463:    Installing       : p11-kit-0.25.5-7.el10.x86_64                                                                                                                                     82/148 
DEBUG util.py:463:    Installing       : p11-kit-trust-0.25.5-7.el10.x86_64                                                                                                                               83/148 
DEBUG util.py:463:    Running scriptlet: p11-kit-trust-0.25.5-7.el10.x86_64                                                                                                                               83/148 
DEBUG util.py:463:    Installing       : openssl-fips-provider-1:3.5.1-7.el10_1.alma.1.x86_64                                                                                                             84/148 
DEBUG util.py:463:    Installing       : openssl-libs-1:3.5.1-7.el10_1.alma.1.x86_64                                                                                                                      85/148 
DEBUG util.py:463:    Installing       : coreutils-9.5-6.el10.x86_64                                                                                                                                      86/148 
DEBUG util.py:463:    Running scriptlet: ca-certificates-2025.2.80_v9.0.305-102.el10_1.noarch                                                                                                             87/148 
DEBUG util.py:463:    Installing       : ca-certificates-2025.2.80_v9.0.305-102.el10_1.noarch                                                                                                             87/148 
DEBUG util.py:463:    Running scriptlet: ca-certificates-2025.2.80_v9.0.305-102.el10_1.noarch                                                                                                             87/148 
DEBUG util.py:463:    Installing       : authselect-libs-1.5.0-8.el10.x86_64                                                                                                                              88/148 
DEBUG util.py:463:    Installing       : gzip-1.13-3.el10.x86_64                                                                                                                                          89/148 
DEBUG util.py:463:    Installing       : cracklib-2.9.11-8.el10.x86_64                                                                                                                                    90/148 
DEBUG util.py:463:    Installing       : cracklib-dicts-2.9.11-8.el10.x86_64                                                                                                                              91/148 
DEBUG util.py:463:    Installing       : libpwquality-1.4.5-12.el10.x86_64                                                                                                                                92/148 
DEBUG util.py:463:    Installing       : libevent-2.1.12-16.el10.x86_64                                                                                                                                   93/148 
DEBUG util.py:463:    Installing       : rpm-sequoia-1.9.0.3-1.el10_1.x86_64                                                                                                                              94/148 
DEBUG util.py:463:    Installing       : zip-3.0-45.el10.x86_64                                                                                                                                           95/148 
DEBUG util.py:463:    Installing       : cyrus-sasl-lib-2.1.28-29.el10.x86_64                                                                                                                             96/148 
DEBUG util.py:463:    Installing       : openldap-2.6.9-1.el10.x86_64                                                                                                                                     97/148 
DEBUG util.py:463:    Installing       : gdbm-1:1.23-12.el10_0.x86_64                                                                                                                                     98/148 
DEBUG util.py:463:    Installing       : pam-1.6.1-8.el10.x86_64                                                                                                                                          99/148 
DEBUG util.py:463:    Installing       : libfdisk-2.40.2-15.el10_1.x86_64                                                                                                                                100/148 
DEBUG util.py:463:    Installing       : libxml2-2.12.5-9.el10_0.x86_64                                                                                                                                  101/148 
DEBUG util.py:463:    Installing       : libarchive-3.7.7-8.el10_1.x86_64                                                                                                                                102/148 
DEBUG util.py:463:    Installing       : bzip2-1.0.8-25.el10.x86_64                                                                                                                                      103/148 
DEBUG util.py:463:    Installing       : sqlite-libs-3.46.1-5.el10_1.x86_64                                                                                                                              104/148 
DEBUG util.py:463:    Installing       : rpm-libs-4.19.1.1-20.el10.alma.1.x86_64                                                                                                                         105/148 
DEBUG util.py:463:    Installing       : ed-1.20-5.el10.x86_64                                                                                                                                           106/148 
DEBUG util.py:463:    Installing       : patch-2.7.6-26.el10.x86_64                                                                                                                                      107/148 
DEBUG util.py:463:    Installing       : elfutils-default-yama-scope-0.193-1.el10.noarch                                                                                                                 108/148 
DEBUG util.py:463:    Running scriptlet: elfutils-default-yama-scope-0.193-1.el10.noarch                                                                                                                 108/148 
DEBUG util.py:463:    Installing       : cpio-2.15-3.el10.x86_64                                                                                                                                         109/148 
DEBUG util.py:463:    Installing       : diffutils-3.10-8.el10.x86_64                                                                                                                                    110/148 
DEBUG util.py:463:    Installing       : json-c-0.18-3.el10.x86_64                                                                                                                                       111/148 
DEBUG util.py:463:    Installing       : keyutils-libs-1.6.3-5.el10.x86_64                                                                                                                               112/148 
DEBUG util.py:463:    Installing       : libbrotli-1.1.0-7.el10_1.x86_64                                                                                                                                 113/148 
DEBUG util.py:463:    Installing       : libcom_err-1.47.1-4.el10.x86_64                                                                                                                                 114/148 
DEBUG util.py:463:    Installing       : libgomp-14.3.1-2.1.el10.alma.1.x86_64                                                                                                                           115/148 
DEBUG util.py:463:    Installing       : libnghttp2-1.64.0-2.el10_1.1.x86_64                                                                                                                             116/148 
DEBUG util.py:463:    Installing       : libpkgconf-2.1.0-3.el10.x86_64                                                                                                                                  117/148 
DEBUG util.py:463:    Installing       : pkgconf-2.1.0-3.el10.x86_64                                                                                                                                     118/148 
DEBUG util.py:463:    Installing       : pkgconf-pkg-config-2.1.0-3.el10.x86_64                                                                                                                          119/148 
DEBUG util.py:463:    Installing       : libverto-0.3.2-10.el10.x86_64                                                                                                                                   120/148 
DEBUG util.py:463:    Installing       : krb5-libs-1.21.3-9.el10_1.x86_64                                                                                                                                121/148 
DEBUG util.py:463:    Installing       : libssh-0.11.1-5.el10_1.x86_64                                                                                                                                   122/148 
DEBUG util.py:463:    Installing       : libcurl-8.12.1-2.el10_1.2.x86_64                                                                                                                                123/148 
DEBUG util.py:463:    Installing       : elfutils-libs-0.193-1.el10.x86_64                                                                                                                               124/148 
DEBUG util.py:463:    Installing       : elfutils-debuginfod-client-0.193-1.el10.x86_64                                                                                                                  125/148 
DEBUG util.py:463:    Installing       : binutils-gold-2.41-58.el10_1.2.alma.1.x86_64                                                                                                                    126/148 
DEBUG util.py:463:    Running scriptlet: binutils-gold-2.41-58.el10_1.2.alma.1.x86_64                                                                                                                    126/148 
DEBUG util.py:463:    Installing       : binutils-2.41-58.el10_1.2.alma.1.x86_64                                                                                                                         127/148 
DEBUG util.py:463:    Running scriptlet: binutils-2.41-58.el10_1.2.alma.1.x86_64                                                                                                                         127/148 
DEBUG util.py:463:    Installing       : elfutils-0.193-1.el10.x86_64                                                                                                                                    128/148 
DEBUG util.py:463:    Installing       : gdb-minimal-16.3-2.el10.x86_64                                                                                                                                  129/148 
DEBUG util.py:463:    Installing       : debugedit-5.1-8.el10.x86_64                                                                                                                                     130/148 
DEBUG util.py:463:    Installing       : rpm-build-libs-4.19.1.1-20.el10.alma.1.x86_64                                                                                                                   131/148 
DEBUG util.py:463:    Installing       : curl-8.12.1-2.el10_1.2.x86_64                                                                                                                                   132/148 
DEBUG util.py:463:    Running scriptlet: rpm-4.19.1.1-20.el10.alma.1.x86_64                                                                                                                              133/148 
DEBUG util.py:463:    Installing       : rpm-4.19.1.1-20.el10.alma.1.x86_64                                                                                                                              133/148 
DEBUG util.py:463:    Installing       : efi-srpm-macros-6-6.el10.alma.1.noarch                                                                                                                          134/148 
DEBUG util.py:463:    Installing       : lua-srpm-macros-1-15.el10.noarch                                                                                                                                135/148 
DEBUG util.py:463:    Installing       : fonts-srpm-macros-1:2.0.5-18.el10.noarch                                                                                                                        136/148 
DEBUG util.py:463:    Installing       : forge-srpm-macros-0.4.0-6.el10.noarch                                                                                                                           137/148 
DEBUG util.py:463:    Installing       : go-srpm-macros-3.6.0-8.el10_1.noarch                                                                                                                            138/148 
DEBUG util.py:463:    Installing       : python-srpm-macros-3.12-10.el10.noarch                                                                                                                          139/148 
DEBUG util.py:463:    Installing       : redhat-rpm-config-293-1.el10.alma.2.noarch                                                                                                                      140/148 
DEBUG util.py:463:    Installing       : rpm-build-4.19.1.1-20.el10.alma.1.x86_64                                                                                                                        141/148 
DEBUG util.py:463:    Installing       : pyproject-srpm-macros-1.16.2-1.el10.noarch                                                                                                                      142/148 
DEBUG util.py:463:    Installing       : R-srpm-macros-1.3.7-1.el10_1.noarch                                                                                                                             143/148 
DEBUG util.py:463:    Installing       : epel-rpm-macros-10-7.el10_1.noarch                                                                                                                              144/148 
DEBUG util.py:463:    Installing       : util-linux-2.40.2-15.el10_1.x86_64                                                                                                                              145/148 
DEBUG util.py:463:    Running scriptlet: util-linux-2.40.2-15.el10_1.x86_64                                                                                                                              145/148 
DEBUG util.py:463:    Installing       : authselect-1.5.0-8.el10.x86_64                                                                                                                                  146/148 
DEBUG util.py:463:    Installing       : which-2.21-44.el10_0.x86_64                                                                                                                                     147/148 
DEBUG util.py:463:    Installing       : info-7.1-6.el10.x86_64                                                                                                                                          148/148 
DEBUG util.py:463:    Running scriptlet: filesystem-3.18-17.el10.x86_64                                                                                                                                  148/148 
DEBUG util.py:463:    Running scriptlet: ca-certificates-2025.2.80_v9.0.305-102.el10_1.noarch                                                                                                            148/148 
DEBUG util.py:463:    Running scriptlet: authselect-libs-1.5.0-8.el10.x86_64                                                                                                                             148/148 
DEBUG util.py:463:    Running scriptlet: rpm-4.19.1.1-20.el10.alma.1.x86_64                                                                                                                              148/148 
DEBUG util.py:463:    Running scriptlet: info-7.1-6.el10.x86_64                                                                                                                                          148/148 
DEBUG util.py:463:  Installed:
DEBUG util.py:463:    R-srpm-macros-1.3.7-1.el10_1.noarch                            almalinux-gpg-keys-10.1-16.el10.x86_64                        almalinux-release-10.1-16.el10.x86_64                         
DEBUG util.py:463:    almalinux-repos-10.1-16.el10.x86_64                            alternatives-1.30-2.el10.x86_64                               ansible-srpm-macros-1-21.el10_1.noarch                        
DEBUG util.py:463:    audit-libs-4.0.3-4.el10.x86_64                                 authselect-1.5.0-8.el10.x86_64                                authselect-libs-1.5.0-8.el10.x86_64                           
DEBUG util.py:463:    basesystem-11-22.el10.noarch                                   bash-5.2.26-6.el10.x86_64                                     binutils-2.41-58.el10_1.2.alma.1.x86_64                       
DEBUG util.py:463:    binutils-gold-2.41-58.el10_1.2.alma.1.x86_64                   bzip2-1.0.8-25.el10.x86_64                                    bzip2-libs-1.0.8-25.el10.x86_64                               
DEBUG util.py:463:    ca-certificates-2025.2.80_v9.0.305-102.el10_1.noarch           coreutils-9.5-6.el10.x86_64                                   coreutils-common-9.5-6.el10.x86_64                            
DEBUG util.py:463:    cpio-2.15-3.el10.x86_64                                        cracklib-2.9.11-8.el10.x86_64                                 cracklib-dicts-2.9.11-8.el10.x86_64                           
DEBUG util.py:463:    crypto-policies-20250905-2.gitc7eb7b2.el10_1.1.noarch          curl-8.12.1-2.el10_1.2.x86_64                                 cyrus-sasl-lib-2.1.28-29.el10.x86_64                          
DEBUG util.py:463:    debugedit-5.1-8.el10.x86_64                                    diffutils-3.10-8.el10.x86_64                                  dwz-0.16-1.el10.x86_64                                        
DEBUG util.py:463:    ed-1.20-5.el10.x86_64                                          efi-srpm-macros-6-6.el10.alma.1.noarch                        elfutils-0.193-1.el10.x86_64                                  
DEBUG util.py:463:    elfutils-debuginfod-client-0.193-1.el10.x86_64                 elfutils-default-yama-scope-0.193-1.el10.noarch               elfutils-libelf-0.193-1.el10.x86_64                           
DEBUG util.py:463:    elfutils-libs-0.193-1.el10.x86_64                              epel-rpm-macros-10-7.el10_1.noarch                            file-5.45-8.el10.x86_64                                       
DEBUG util.py:463:    file-libs-5.45-8.el10.x86_64                                   filesystem-3.18-17.el10.x86_64                                findutils-1:4.10.0-5.el10.x86_64                              
DEBUG util.py:463:    fonts-srpm-macros-1:2.0.5-18.el10.noarch                       forge-srpm-macros-0.4.0-6.el10.noarch                         fpc-srpm-macros-1.3-7.el10_1.noarch                           
DEBUG util.py:463:    gawk-5.3.0-6.el10.x86_64                                       gdb-minimal-16.3-2.el10.x86_64                                gdbm-1:1.23-12.el10_0.x86_64                                  
DEBUG util.py:463:    gdbm-libs-1:1.23-12.el10_0.x86_64                              ghc-srpm-macros-1.9.2-1.el10_0.noarch                         glibc-2.39-58.el10_1.7.alma.1.x86_64                          
DEBUG util.py:463:    glibc-common-2.39-58.el10_1.7.alma.1.x86_64                    glibc-gconv-extra-2.39-58.el10_1.7.alma.1.x86_64              glibc-minimal-langpack-2.39-58.el10_1.7.alma.1.x86_64         
DEBUG util.py:463:    gmp-1:6.2.1-12.el10.x86_64                                     go-srpm-macros-3.6.0-8.el10_1.noarch                          grep-3.11-10.el10.x86_64                                      
DEBUG util.py:463:    gzip-1.13-3.el10.x86_64                                        info-7.1-6.el10.x86_64                                        jansson-2.14-3.el10.x86_64                                    
DEBUG util.py:463:    json-c-0.18-3.el10.x86_64                                      kernel-srpm-macros-1.0-25.el10.noarch                         keyutils-libs-1.6.3-5.el10.x86_64                             
DEBUG util.py:463:    krb5-libs-1.21.3-9.el10_1.x86_64                               libacl-2.3.2-4.el10.x86_64                                    libarchive-3.7.7-8.el10_1.x86_64                              
DEBUG util.py:463:    libattr-2.5.2-5.el10.x86_64                                    libblkid-2.40.2-15.el10_1.x86_64                              libbrotli-1.1.0-7.el10_1.x86_64                               
DEBUG util.py:463:    libcap-2.69-7.el10_1.1.x86_64                                  libcap-ng-0.8.4-6.el10.x86_64                                 libcom_err-1.47.1-4.el10.x86_64                               
DEBUG util.py:463:    libcurl-8.12.1-2.el10_1.2.x86_64                               libeconf-0.6.2-4.el10.x86_64                                  libevent-2.1.12-16.el10.x86_64                                
DEBUG util.py:463:    libfdisk-2.40.2-15.el10_1.x86_64                               libffi-3.4.4-10.el10.x86_64                                   libgcc-14.3.1-2.1.el10.alma.1.x86_64                          
DEBUG util.py:463:    libgomp-14.3.1-2.1.el10.alma.1.x86_64                          libidn2-2.3.7-3.el10.x86_64                                   libmount-2.40.2-15.el10_1.x86_64                              
DEBUG util.py:463:    libnghttp2-1.64.0-2.el10_1.1.x86_64                            libpkgconf-2.1.0-3.el10.x86_64                                libpsl-0.21.5-6.el10.x86_64                                   
DEBUG util.py:463:    libpwquality-1.4.5-12.el10.x86_64                              libselinux-3.9-1.el10.x86_64                                  libsemanage-3.9-1.el10.x86_64                                 
DEBUG util.py:463:    libsepol-3.9-1.el10.x86_64                                     libsmartcols-2.40.2-15.el10_1.x86_64                          libssh-0.11.1-5.el10_1.x86_64                                 
DEBUG util.py:463:    libssh-config-0.11.1-5.el10_1.noarch                           libstdc++-14.3.1-2.1.el10.alma.1.x86_64                       libtasn1-4.20.0-1.el10.x86_64                                 
DEBUG util.py:463:    libunistring-1.1-10.el10.x86_64                                libutempter-1.2.1-15.el10.x86_64                              libuuid-2.40.2-15.el10_1.x86_64                               
DEBUG util.py:463:    libverto-0.3.2-10.el10.x86_64                                  libxcrypt-4.4.36-10.el10.x86_64                               libxml2-2.12.5-9.el10_0.x86_64                                
DEBUG util.py:463:    libzstd-1.5.5-9.el10.x86_64                                    lua-libs-5.4.6-7.el10.x86_64                                  lua-srpm-macros-1-15.el10.noarch                              
DEBUG util.py:463:    lz4-libs-1.9.4-8.el10.x86_64                                   mpfr-4.2.1-5.el10.x86_64                                      ncurses-base-6.4-15.20240127.el10_1.noarch                    
DEBUG util.py:463:    ncurses-libs-6.4-15.20240127.el10_1.x86_64                     ocaml-srpm-macros-10-4.el10.noarch                            openblas-srpm-macros-2-19.el10.noarch                         
DEBUG util.py:463:    openldap-2.6.9-1.el10.x86_64                                   openssl-fips-provider-1:3.5.1-7.el10_1.alma.1.x86_64          openssl-libs-1:3.5.1-7.el10_1.alma.1.x86_64                   
DEBUG util.py:463:    p11-kit-0.25.5-7.el10.x86_64                                   p11-kit-trust-0.25.5-7.el10.x86_64                            package-notes-srpm-macros-0.5-13.el10.noarch                  
DEBUG util.py:463:    pam-1.6.1-8.el10.x86_64                                        pam-libs-1.6.1-8.el10.x86_64                                  patch-2.7.6-26.el10.x86_64                                    
DEBUG util.py:463:    pcre2-10.44-1.el10.3.x86_64                                    pcre2-syntax-10.44-1.el10.3.noarch                            perl-srpm-macros-1-57.el10.noarch                             
DEBUG util.py:463:    pkgconf-2.1.0-3.el10.x86_64                                    pkgconf-m4-2.1.0-3.el10.noarch                                pkgconf-pkg-config-2.1.0-3.el10.x86_64                        
DEBUG util.py:463:    popt-1.19-8.el10.x86_64                                        publicsuffix-list-dafsa-20240107-5.el10.noarch                pyproject-srpm-macros-1.16.2-1.el10.noarch                    
DEBUG util.py:463:    python-srpm-macros-3.12-10.el10.noarch                         qt6-srpm-macros-6.9.1-1.el10.noarch                           readline-8.2-11.el10.x86_64                                   
DEBUG util.py:463:    redhat-rpm-config-293-1.el10.alma.2.noarch                     rpm-4.19.1.1-20.el10.alma.1.x86_64                            rpm-build-4.19.1.1-20.el10.alma.1.x86_64                      
DEBUG util.py:463:    rpm-build-libs-4.19.1.1-20.el10.alma.1.x86_64                  rpm-libs-4.19.1.1-20.el10.alma.1.x86_64                       rpm-sequoia-1.9.0.3-1.el10_1.x86_64                           
DEBUG util.py:463:    rust-toolset-srpm-macros-1.88.0-1.el10.alma.1.noarch           sed-4.9-3.el10.x86_64                                         setup-2.14.5-7.el10.noarch                                    
DEBUG util.py:463:    shadow-utils-2:4.15.0-10.el10_1.x86_64                         sqlite-libs-3.46.1-5.el10_1.x86_64                            systemd-libs-257-13.el10.alma.1.x86_64                        
DEBUG util.py:463:    tar-2:1.35-9.el10_1.x86_64                                     unzip-6.0-69.el10.x86_64                                      util-linux-2.40.2-15.el10_1.x86_64                            
DEBUG util.py:463:    util-linux-core-2.40.2-15.el10_1.x86_64                        which-2.21-44.el10_0.x86_64                                   xz-1:5.6.2-4.el10_0.x86_64                                    
DEBUG util.py:463:    xz-libs-1:5.6.2-4.el10_0.x86_64                                zip-3.0-45.el10.x86_64                                        zlib-ng-compat-2.2.3-3.el10_1.x86_64                          
DEBUG util.py:463:    zstd-1.5.5-9.el10.x86_64                                      
DEBUG util.py:463:  Complete!
DEBUG util.py:610:  Child return code was: 0
DEBUG util.py:185:  kill orphans in chroot /var/lib/mock/alma+epel-10-x86_64/root
DEBUG util.py:185:  kill orphans in chroot /var/lib/mock/alma+epel-10-x86_64-bootstrap/root/var/lib/mock/alma+epel-10-x86_64/root
DEBUG util.py:636:  child environment: None
DEBUG util.py:558:  Executing command: ['/bin/umount', '-n', '-l', '/var/lib/mock/alma+epel-10-x86_64-bootstrap/root/var/lib/mock/alma+epel-10-x86_64/root'] with env {'TERM': 'vt100', 'SHELL': '/bin/sh', 'HOME': '/builddir', 'HOSTNAME': 'mock', 'PATH': '/usr/bin:/bin:/usr/sbin:/sbin', 'LANG': 'C.UTF-8'} and shell False
DEBUG util.py:610:  Child return code was: 0
DEBUG util.py:636:  child environment: None
DEBUG util.py:558:  Executing command: ['/bin/umount', '-n', '-l', '/var/lib/mock/alma+epel-10-x86_64-bootstrap/root/var/lib/mock/alma+epel-10-x86_64/root'] with env {'TERM': 'vt100', 'SHELL': '/bin/sh', 'HOME': '/builddir', 'HOSTNAME': 'mock', 'PATH': '/usr/bin:/bin:/usr/sbin:/sbin', 'LANG': 'C.UTF-8'} and shell False
DEBUG util.py:610:  Child return code was: 0
DEBUG util.py:636:  child environment: None
DEBUG util.py:558:  Executing command: ['/bin/umount', '-n', '-l', '/var/lib/mock/alma+epel-10-x86_64/root/sys/fs/selinux'] with env {'TERM': 'vt100', 'SHELL': '/bin/sh', 'HOME': '/builddir', 'HOSTNAME': 'mock', 'PATH': '/usr/bin:/bin:/usr/sbin:/sbin', 'LANG': 'C.UTF-8'} and shell False
DEBUG util.py:610:  Child return code was: 0
DEBUG util.py:636:  child environment: None
DEBUG util.py:558:  Executing command: ['/bin/umount', '-n', '/var/lib/mock/alma+epel-10-x86_64/root/proc/filesystems'] with env {'TERM': 'vt100', 'SHELL': '/bin/sh', 'HOME': '/builddir', 'HOSTNAME': 'mock', 'PATH': '/usr/bin:/bin:/usr/sbin:/sbin', 'LANG': 'C.UTF-8'} and shell False
DEBUG util.py:610:  Child return code was: 0
DEBUG util.py:636:  child environment: None
DEBUG util.py:558:  Executing command: ['/bin/umount', '-n', '-l', '/var/lib/mock/alma+epel-10-x86_64/root/dev/pts'] with env {'TERM': 'vt100', 'SHELL': '/bin/sh', 'HOME': '/builddir', 'HOSTNAME': 'mock', 'PATH': '/usr/bin:/bin:/usr/sbin:/sbin', 'LANG': 'C.UTF-8'} and shell False
DEBUG util.py:610:  Child return code was: 0
DEBUG util.py:636:  child environment: None
DEBUG util.py:558:  Executing command: ['/bin/umount', '-n', '-l', '/var/lib/mock/alma+epel-10-x86_64/root/dev/shm'] with env {'TERM': 'vt100', 'SHELL': '/bin/sh', 'HOME': '/builddir', 'HOSTNAME': 'mock', 'PATH': '/usr/bin:/bin:/usr/sbin:/sbin', 'LANG': 'C.UTF-8'} and shell False
DEBUG util.py:610:  Child return code was: 0
DEBUG util.py:636:  child environment: None
DEBUG util.py:558:  Executing command: ['/bin/umount', '-n', '-l', '/var/lib/mock/alma+epel-10-x86_64/root/sys'] with env {'TERM': 'vt100', 'SHELL': '/bin/sh', 'HOME': '/builddir', 'HOSTNAME': 'mock', 'PATH': '/usr/bin:/bin:/usr/sbin:/sbin', 'LANG': 'C.UTF-8'} and shell False
DEBUG util.py:610:  Child return code was: 0
DEBUG util.py:636:  child environment: None
DEBUG util.py:558:  Executing command: ['/bin/umount', '-n', '-l', '/var/lib/mock/alma+epel-10-x86_64/root/sys'] with env {'TERM': 'vt100', 'SHELL': '/bin/sh', 'HOME': '/builddir', 'HOSTNAME': 'mock', 'PATH': '/usr/bin:/bin:/usr/sbin:/sbin', 'LANG': 'C.UTF-8'} and shell False
DEBUG util.py:610:  Child return code was: 0
DEBUG util.py:636:  child environment: None
DEBUG util.py:558:  Executing command: ['/bin/umount', '-n', '-l', '/var/lib/mock/alma+epel-10-x86_64/root/proc'] with env {'TERM': 'vt100', 'SHELL': '/bin/sh', 'HOME': '/builddir', 'HOSTNAME': 'mock', 'PATH': '/usr/bin:/bin:/usr/sbin:/sbin', 'LANG': 'C.UTF-8'} and shell False
DEBUG util.py:610:  Child return code was: 0
DEBUG util.py:636:  child environment: None
DEBUG util.py:558:  Executing command: ['/bin/umount', '-n', '-l', '/var/lib/mock/alma+epel-10-x86_64/root/proc'] with env {'TERM': 'vt100', 'SHELL': '/bin/sh', 'HOME': '/builddir', 'HOSTNAME': 'mock', 'PATH': '/usr/bin:/bin:/usr/sbin:/sbin', 'LANG': 'C.UTF-8'} and shell False
DEBUG util.py:610:  Child return code was: 0
DEBUG file_util.py:29:  touching file: /var/lib/mock/alma+epel-10-x86_64/root/etc/os-release
DEBUG file_util.py:17:  ensuring that dir exists: /var/lib/mock/alma+epel-10-x86_64/root/builddir/build
DEBUG file_util.py:20:  created dir: /var/lib/mock/alma+epel-10-x86_64/root/builddir/build
DEBUG file_util.py:17:  ensuring that dir exists: /var/lib/mock/alma+epel-10-x86_64/root/builddir/build/RPMS
DEBUG file_util.py:20:  created dir: /var/lib/mock/alma+epel-10-x86_64/root/builddir/build/RPMS
DEBUG file_util.py:17:  ensuring that dir exists: /var/lib/mock/alma+epel-10-x86_64/root/builddir/build/SPECS
DEBUG file_util.py:20:  created dir: /var/lib/mock/alma+epel-10-x86_64/root/builddir/build/SPECS
DEBUG file_util.py:17:  ensuring that dir exists: /var/lib/mock/alma+epel-10-x86_64/root/builddir/build/SRPMS
DEBUG file_util.py:20:  created dir: /var/lib/mock/alma+epel-10-x86_64/root/builddir/build/SRPMS
DEBUG file_util.py:17:  ensuring that dir exists: /var/lib/mock/alma+epel-10-x86_64/root/builddir/build/SOURCES
DEBUG file_util.py:20:  created dir: /var/lib/mock/alma+epel-10-x86_64/root/builddir/build/SOURCES
DEBUG file_util.py:17:  ensuring that dir exists: /var/lib/mock/alma+epel-10-x86_64/root/builddir/build/BUILD
DEBUG file_util.py:20:  created dir: /var/lib/mock/alma+epel-10-x86_64/root/builddir/build/BUILD
DEBUG file_util.py:17:  ensuring that dir exists: /var/lib/mock/alma+epel-10-x86_64/root/builddir/build/BUILDROOT
DEBUG file_util.py:20:  created dir: /var/lib/mock/alma+epel-10-x86_64/root/builddir/build/BUILDROOT
DEBUG file_util.py:17:  ensuring that dir exists: /var/lib/mock/alma+epel-10-x86_64/root/builddir/build/originals
DEBUG file_util.py:20:  created dir: /var/lib/mock/alma+epel-10-x86_64/root/builddir/build/originals
DEBUG file_util.py:17:  ensuring that dir exists: /var/lib/mock/alma+epel-10-x86_64/root/builddir
DEBUG util.py:636:  child environment: None
DEBUG util.py:558:  Executing command: ['userdel', '-f', 'mockbuild', '--prefix', '/var/lib/mock/alma+epel-10-x86_64/root'] with env {'TERM': 'vt100', 'SHELL': '/bin/sh', 'HOME': '/builddir', 'HOSTNAME': 'mock', 'PATH': '/usr/bin:/bin:/usr/sbin:/sbin', 'LANG': 'C.UTF-8'} and shell False
DEBUG util.py:461:  userdel: user 'mockbuild' does not exist
DEBUG util.py:610:  Child return code was: 6
DEBUG util.py:636:  child environment: None
DEBUG util.py:558:  Executing command: ['groupdel', 'mock', '--prefix', '/var/lib/mock/alma+epel-10-x86_64/root'] with env {'TERM': 'vt100', 'SHELL': '/bin/sh', 'HOME': '/builddir', 'HOSTNAME': 'mock', 'PATH': '/usr/bin:/bin:/usr/sbin:/sbin', 'LANG': 'C.UTF-8'} and shell False
DEBUG util.py:461:  groupdel: group 'mock' does not exist
DEBUG util.py:610:  Child return code was: 6
DEBUG util.py:636:  child environment: None
DEBUG util.py:558:  Executing command: ['groupadd', 'mock', '-g', '135', '--prefix', '/var/lib/mock/alma+epel-10-x86_64/root'] with env {'TERM': 'vt100', 'SHELL': '/bin/sh', 'HOME': '/builddir', 'HOSTNAME': 'mock', 'PATH': '/usr/bin:/bin:/usr/sbin:/sbin', 'LANG': 'C.UTF-8'} and shell False
DEBUG util.py:610:  Child return code was: 0
DEBUG util.py:636:  child environment: None
DEBUG util.py:558:  Executing command: ['useradd', 'mockbuild', '-o', '-u', '0', '-g', '135', '-N', '-d', '/builddir', '--prefix', '/var/lib/mock/alma+epel-10-x86_64/root'] with env {'TERM': 'vt100', 'SHELL': '/bin/sh', 'HOME': '/builddir', 'HOSTNAME': 'mock', 'PATH': '/usr/bin:/bin:/usr/sbin:/sbin', 'LANG': 'C.UTF-8'} and shell False
DEBUG util.py:461:  useradd warning: mockbuild's uid 0 outside of the UID_MIN 1000 and UID_MAX 60000 range.
DEBUG util.py:461:  useradd: warning: the home directory /builddir already exists.
DEBUG util.py:461:  useradd: Not copying any file from skel directory into it.
DEBUG util.py:610:  Child return code was: 0
DEBUG file_util.py:29:  touching file: /var/lib/mock/alma+epel-10-x86_64/root/.initialized
DEBUG util.py:636:  child environment: None
DEBUG util.py:558:  Executing command: ['sync'] with env {'TERM': 'vt100', 'SHELL': '/bin/sh', 'HOME': '/builddir', 'HOSTNAME': 'mock', 'PATH': '/usr/bin:/bin:/usr/sbin:/sbin', 'LANG': 'C.UTF-8'} and shell False
DEBUG util.py:610:  Child return code was: 0
DEBUG util.py:636:  child environment: None
DEBUG util.py:558:  Executing command: ['/bin/tar', '--one-file-system', '--exclude-caches', '--exclude-caches-under', '--use-compress-program', 'pigz', '-cf', '/var/cache/mock/alma+epel-10-x86_64/root_cache/cache.tar.gz', '-C', '/var/lib/mock/alma+epel-10-x86_64/root', '--exclude=./proc', '--exclude=./sys', '--exclude=./dev', '--exclude=./tmp/ccache', '--exclude=./var/cache/yum', '--exclude=./var/cache/dnf', '--exclude=./var/log', '--exclude=.//proc', '--exclude=.//proc', '--exclude=.//sys', '--exclude=.//sys', '--exclude=.//dev/shm', '--exclude=.//dev/pts', '--exclude=.//proc/filesystems', '--exclude=.//sys/fs/selinux', '--exclude=.//var/cache/yum', '--exclude=.//var/cache/dnf', '.'] with env {'TERM': 'vt100', 'SHELL': '/bin/sh', 'HOME': '/builddir', 'HOSTNAME': 'mock', 'PATH': '/usr/bin:/bin:/usr/sbin:/sbin', 'LANG': 'C.UTF-8'} and shell False
DEBUG util.py:610:  Child return code was: 0
DEBUG file_util.py:17:  ensuring that dir exists: /var/lib/mock/alma+epel-10-x86_64-bootstrap/root/var/lib/mock/alma+epel-10-x86_64/root
DEBUG util.py:636:  child environment: None
DEBUG util.py:558:  Executing command: ['/bin/mount', '-n', '-t', 'tmpfs', '-o', 'private,mode=0755', 'tmpfs', '/var/lib/mock/alma+epel-10-x86_64-bootstrap/root/var/lib/mock/alma+epel-10-x86_64/root'] with env {'TERM': 'vt100', 'SHELL': '/bin/sh', 'HOME': '/builddir', 'HOSTNAME': 'mock', 'PATH': '/usr/bin:/bin:/usr/sbin:/sbin', 'LANG': 'C.UTF-8'} and shell False
DEBUG util.py:610:  Child return code was: 0
DEBUG file_util.py:17:  ensuring that dir exists: /var/lib/mock/alma+epel-10-x86_64-bootstrap/root/var/lib/mock/alma+epel-10-x86_64/root
DEBUG util.py:636:  child environment: None
DEBUG util.py:558:  Executing command: ['/bin/mount', '-n', '-o', 'rbind', '/var/lib/mock/alma+epel-10-x86_64/root', '/var/lib/mock/alma+epel-10-x86_64-bootstrap/root/var/lib/mock/alma+epel-10-x86_64/root'] with env {'TERM': 'vt100', 'SHELL': '/bin/sh', 'HOME': '/builddir', 'HOSTNAME': 'mock', 'PATH': '/usr/bin:/bin:/usr/sbin:/sbin', 'LANG': 'C.UTF-8'} and shell False
DEBUG util.py:610:  Child return code was: 0
DEBUG util.py:636:  child environment: None
DEBUG util.py:558:  Executing command: ['/bin/mount', '-n', '-o', 'remount,private,rbind', '--target', '/var/lib/mock/alma+epel-10-x86_64-bootstrap/root/var/lib/mock/alma+epel-10-x86_64/root'] with env {'TERM': 'vt100', 'SHELL': '/bin/sh', 'HOME': '/builddir', 'HOSTNAME': 'mock', 'PATH': '/usr/bin:/bin:/usr/sbin:/sbin', 'LANG': 'C.UTF-8'} and shell False
DEBUG util.py:610:  Child return code was: 0
DEBUG util.py:636:  child environment: None
DEBUG util.py:553:  Using nspawn with args ['--capability=cap_ipc_lock', '--bind=/tmp/mock-resolv.fitl_6e6:/etc/resolv.conf']
DEBUG util.py:558:  Executing command: ['/usr/bin/systemd-nspawn', '-q', '-M', 'fe07a55f9af44191af46f0b253743570', '-D', '/var/lib/mock/alma+epel-10-x86_64-bootstrap/root', '-a', '--capability=cap_ipc_lock', '--bind=/tmp/mock-resolv.fitl_6e6:/etc/resolv.conf', '--console=pipe', '--setenv=TERM=vt100', '--setenv=SHELL=/bin/bash', '--setenv=HOME=/builddir', '--setenv=HOSTNAME=mock', '--setenv=PATH=/usr/bin:/bin:/usr/sbin:/sbin', '--setenv=PROMPT_COMMAND=printf "\\033]0;<mock-chroot>\\007"', '--setenv=PS1=<mock-chroot> \\s-\\v\\$ ', '--setenv=LANG=C.UTF-8', '--resolv-conf=off', '/bin/rpm', '-qa', '--root', '/var/lib/mock/alma+epel-10-x86_64/root'] with env {'TERM': 'vt100', 'SHELL': '/bin/bash', 'HOME': '/builddir', 'HOSTNAME': 'mock', 'PATH': '/usr/bin:/bin:/usr/sbin:/sbin', 'PROMPT_COMMAND': 'printf "\\033]0;<mock-chroot>\\007"', 'PS1': '<mock-chroot> \\s-\\v\\$ ', 'LANG': 'C.UTF-8', 'SYSTEMD_NSPAWN_TMPFS_TMP': '0', 'SYSTEMD_SECCOMP': '0'} and shell False
DEBUG util.py:463:  gpg-pubkey-c2a1e572-668fe8ef
DEBUG util.py:463:  gpg-pubkey-e37ed158-65785fa9
DEBUG util.py:463:  libgcc-14.3.1-2.1.el10.alma.1.x86_64
DEBUG util.py:463:  ghc-srpm-macros-1.9.2-1.el10_0.noarch
DEBUG util.py:463:  fpc-srpm-macros-1.3-7.el10_1.noarch
DEBUG util.py:463:  ansible-srpm-macros-1-21.el10_1.noarch
DEBUG util.py:463:  rust-toolset-srpm-macros-1.88.0-1.el10.alma.1.noarch
DEBUG util.py:463:  qt6-srpm-macros-6.9.1-1.el10.noarch
DEBUG util.py:463:  perl-srpm-macros-1-57.el10.noarch
DEBUG util.py:463:  package-notes-srpm-macros-0.5-13.el10.noarch
DEBUG util.py:463:  openblas-srpm-macros-2-19.el10.noarch
DEBUG util.py:463:  ocaml-srpm-macros-10-4.el10.noarch
DEBUG util.py:463:  kernel-srpm-macros-1.0-25.el10.noarch
DEBUG util.py:463:  publicsuffix-list-dafsa-20240107-5.el10.noarch
DEBUG util.py:463:  pkgconf-m4-2.1.0-3.el10.noarch
DEBUG util.py:463:  pcre2-syntax-10.44-1.el10.3.noarch
DEBUG util.py:463:  ncurses-base-6.4-15.20240127.el10_1.noarch
DEBUG util.py:463:  libssh-config-0.11.1-5.el10_1.noarch
DEBUG util.py:463:  coreutils-common-9.5-6.el10.x86_64
DEBUG util.py:463:  almalinux-gpg-keys-10.1-16.el10.x86_64
DEBUG util.py:463:  almalinux-release-10.1-16.el10.x86_64
DEBUG util.py:463:  almalinux-repos-10.1-16.el10.x86_64
DEBUG util.py:463:  setup-2.14.5-7.el10.noarch
DEBUG util.py:463:  filesystem-3.18-17.el10.x86_64
DEBUG util.py:463:  basesystem-11-22.el10.noarch
DEBUG util.py:463:  glibc-gconv-extra-2.39-58.el10_1.7.alma.1.x86_64
DEBUG util.py:463:  ncurses-libs-6.4-15.20240127.el10_1.x86_64
DEBUG util.py:463:  glibc-2.39-58.el10_1.7.alma.1.x86_64
DEBUG util.py:463:  bash-5.2.26-6.el10.x86_64
DEBUG util.py:463:  glibc-common-2.39-58.el10_1.7.alma.1.x86_64
DEBUG util.py:463:  glibc-minimal-langpack-2.39-58.el10_1.7.alma.1.x86_64
DEBUG util.py:463:  zlib-ng-compat-2.2.3-3.el10_1.x86_64
DEBUG util.py:463:  bzip2-libs-1.0.8-25.el10.x86_64
DEBUG util.py:463:  xz-libs-5.6.2-4.el10_0.x86_64
DEBUG util.py:463:  libstdc++-14.3.1-2.1.el10.alma.1.x86_64
DEBUG util.py:463:  libuuid-2.40.2-15.el10_1.x86_64
DEBUG util.py:463:  popt-1.19-8.el10.x86_64
DEBUG util.py:463:  readline-8.2-11.el10.x86_64
DEBUG util.py:463:  libblkid-2.40.2-15.el10_1.x86_64
DEBUG util.py:463:  gmp-6.2.1-12.el10.x86_64
DEBUG util.py:463:  libattr-2.5.2-5.el10.x86_64
DEBUG util.py:463:  libacl-2.3.2-4.el10.x86_64
DEBUG util.py:463:  libxcrypt-4.4.36-10.el10.x86_64
DEBUG util.py:463:  libzstd-1.5.5-9.el10.x86_64
DEBUG util.py:463:  elfutils-libelf-0.193-1.el10.x86_64
DEBUG util.py:463:  crypto-policies-20250905-2.gitc7eb7b2.el10_1.1.noarch
DEBUG util.py:463:  gdbm-libs-1.23-12.el10_0.x86_64
DEBUG util.py:463:  libeconf-0.6.2-4.el10.x86_64
DEBUG util.py:463:  dwz-0.16-1.el10.x86_64
DEBUG util.py:463:  mpfr-4.2.1-5.el10.x86_64
DEBUG util.py:463:  gawk-5.3.0-6.el10.x86_64
DEBUG util.py:463:  unzip-6.0-69.el10.x86_64
DEBUG util.py:463:  file-libs-5.45-8.el10.x86_64
DEBUG util.py:463:  file-5.45-8.el10.x86_64
DEBUG util.py:463:  alternatives-1.30-2.el10.x86_64
DEBUG util.py:463:  jansson-2.14-3.el10.x86_64
DEBUG util.py:463:  libcap-ng-0.8.4-6.el10.x86_64
DEBUG util.py:463:  audit-libs-4.0.3-4.el10.x86_64
DEBUG util.py:463:  pam-libs-1.6.1-8.el10.x86_64
DEBUG util.py:463:  libcap-2.69-7.el10_1.1.x86_64
DEBUG util.py:463:  systemd-libs-257-13.el10.alma.1.x86_64
DEBUG util.py:463:  libffi-3.4.4-10.el10.x86_64
DEBUG util.py:463:  libsepol-3.9-1.el10.x86_64
DEBUG util.py:463:  libsmartcols-2.40.2-15.el10_1.x86_64
DEBUG util.py:463:  libtasn1-4.20.0-1.el10.x86_64
DEBUG util.py:463:  libunistring-1.1-10.el10.x86_64
DEBUG util.py:463:  libidn2-2.3.7-3.el10.x86_64
DEBUG util.py:463:  lua-libs-5.4.6-7.el10.x86_64
DEBUG util.py:463:  lz4-libs-1.9.4-8.el10.x86_64
DEBUG util.py:463:  pcre2-10.44-1.el10.3.x86_64
DEBUG util.py:463:  libselinux-3.9-1.el10.x86_64
DEBUG util.py:463:  sed-4.9-3.el10.x86_64
DEBUG util.py:463:  findutils-4.10.0-5.el10.x86_64
DEBUG util.py:463:  grep-3.11-10.el10.x86_64
DEBUG util.py:463:  xz-5.6.2-4.el10_0.x86_64
DEBUG util.py:463:  libmount-2.40.2-15.el10_1.x86_64
DEBUG util.py:463:  util-linux-core-2.40.2-15.el10_1.x86_64
DEBUG util.py:463:  libsemanage-3.9-1.el10.x86_64
DEBUG util.py:463:  shadow-utils-4.15.0-10.el10_1.x86_64
DEBUG util.py:463:  libutempter-1.2.1-15.el10.x86_64
DEBUG util.py:463:  tar-1.35-9.el10_1.x86_64
DEBUG util.py:463:  zstd-1.5.5-9.el10.x86_64
DEBUG util.py:463:  libpsl-0.21.5-6.el10.x86_64
DEBUG util.py:463:  p11-kit-0.25.5-7.el10.x86_64
DEBUG util.py:463:  p11-kit-trust-0.25.5-7.el10.x86_64
DEBUG util.py:463:  openssl-fips-provider-3.5.1-7.el10_1.alma.1.x86_64
DEBUG util.py:463:  openssl-libs-3.5.1-7.el10_1.alma.1.x86_64
DEBUG util.py:463:  coreutils-9.5-6.el10.x86_64
DEBUG util.py:463:  ca-certificates-2025.2.80_v9.0.305-102.el10_1.noarch
DEBUG util.py:463:  authselect-libs-1.5.0-8.el10.x86_64
DEBUG util.py:463:  gzip-1.13-3.el10.x86_64
DEBUG util.py:463:  cracklib-2.9.11-8.el10.x86_64
DEBUG util.py:463:  cracklib-dicts-2.9.11-8.el10.x86_64
DEBUG util.py:463:  libpwquality-1.4.5-12.el10.x86_64
DEBUG util.py:463:  libevent-2.1.12-16.el10.x86_64
DEBUG util.py:463:  rpm-sequoia-1.9.0.3-1.el10_1.x86_64
DEBUG util.py:463:  zip-3.0-45.el10.x86_64
DEBUG util.py:463:  cyrus-sasl-lib-2.1.28-29.el10.x86_64
DEBUG util.py:463:  openldap-2.6.9-1.el10.x86_64
DEBUG util.py:463:  gdbm-1.23-12.el10_0.x86_64
DEBUG util.py:463:  pam-1.6.1-8.el10.x86_64
DEBUG util.py:463:  libfdisk-2.40.2-15.el10_1.x86_64
DEBUG util.py:463:  libxml2-2.12.5-9.el10_0.x86_64
DEBUG util.py:463:  libarchive-3.7.7-8.el10_1.x86_64
DEBUG util.py:463:  bzip2-1.0.8-25.el10.x86_64
DEBUG util.py:463:  sqlite-libs-3.46.1-5.el10_1.x86_64
DEBUG util.py:463:  rpm-libs-4.19.1.1-20.el10.alma.1.x86_64
DEBUG util.py:463:  ed-1.20-5.el10.x86_64
DEBUG util.py:463:  patch-2.7.6-26.el10.x86_64
DEBUG util.py:463:  elfutils-default-yama-scope-0.193-1.el10.noarch
DEBUG util.py:463:  cpio-2.15-3.el10.x86_64
DEBUG util.py:463:  diffutils-3.10-8.el10.x86_64
DEBUG util.py:463:  json-c-0.18-3.el10.x86_64
DEBUG util.py:463:  keyutils-libs-1.6.3-5.el10.x86_64
DEBUG util.py:463:  libbrotli-1.1.0-7.el10_1.x86_64
DEBUG util.py:463:  libcom_err-1.47.1-4.el10.x86_64
DEBUG util.py:463:  libgomp-14.3.1-2.1.el10.alma.1.x86_64
DEBUG util.py:463:  libnghttp2-1.64.0-2.el10_1.1.x86_64
DEBUG util.py:463:  libpkgconf-2.1.0-3.el10.x86_64
DEBUG util.py:463:  pkgconf-2.1.0-3.el10.x86_64
DEBUG util.py:463:  pkgconf-pkg-config-2.1.0-3.el10.x86_64
DEBUG util.py:463:  libverto-0.3.2-10.el10.x86_64
DEBUG util.py:463:  krb5-libs-1.21.3-9.el10_1.x86_64
DEBUG util.py:463:  libssh-0.11.1-5.el10_1.x86_64
DEBUG util.py:463:  libcurl-8.12.1-2.el10_1.2.x86_64
DEBUG util.py:463:  elfutils-libs-0.193-1.el10.x86_64
DEBUG util.py:463:  elfutils-debuginfod-client-0.193-1.el10.x86_64
DEBUG util.py:463:  binutils-gold-2.41-58.el10_1.2.alma.1.x86_64
DEBUG util.py:463:  binutils-2.41-58.el10_1.2.alma.1.x86_64
DEBUG util.py:463:  elfutils-0.193-1.el10.x86_64
DEBUG util.py:463:  gdb-minimal-16.3-2.el10.x86_64
DEBUG util.py:463:  debugedit-5.1-8.el10.x86_64
DEBUG util.py:463:  rpm-build-libs-4.19.1.1-20.el10.alma.1.x86_64
DEBUG util.py:463:  curl-8.12.1-2.el10_1.2.x86_64
DEBUG util.py:463:  rpm-4.19.1.1-20.el10.alma.1.x86_64
DEBUG util.py:463:  efi-srpm-macros-6-6.el10.alma.1.noarch
DEBUG util.py:463:  lua-srpm-macros-1-15.el10.noarch
DEBUG util.py:463:  fonts-srpm-macros-2.0.5-18.el10.noarch
DEBUG util.py:463:  forge-srpm-macros-0.4.0-6.el10.noarch
DEBUG util.py:463:  go-srpm-macros-3.6.0-8.el10_1.noarch
DEBUG util.py:463:  python-srpm-macros-3.12-10.el10.noarch
DEBUG util.py:463:  redhat-rpm-config-293-1.el10.alma.2.noarch
DEBUG util.py:463:  rpm-build-4.19.1.1-20.el10.alma.1.x86_64
DEBUG util.py:463:  pyproject-srpm-macros-1.16.2-1.el10.noarch
DEBUG util.py:463:  R-srpm-macros-1.3.7-1.el10_1.noarch
DEBUG util.py:463:  epel-rpm-macros-10-7.el10_1.noarch
DEBUG util.py:463:  util-linux-2.40.2-15.el10_1.x86_64
DEBUG util.py:463:  authselect-1.5.0-8.el10.x86_64
DEBUG util.py:463:  which-2.21-44.el10_0.x86_64
DEBUG util.py:463:  info-7.1-6.el10.x86_64
DEBUG util.py:610:  Child return code was: 0
DEBUG util.py:185:  kill orphans in chroot /var/lib/mock/alma+epel-10-x86_64/root
DEBUG util.py:185:  kill orphans in chroot /var/lib/mock/alma+epel-10-x86_64-bootstrap/root/var/lib/mock/alma+epel-10-x86_64/root
DEBUG util.py:636:  child environment: None
DEBUG util.py:558:  Executing command: ['/bin/umount', '-n', '-l', '/var/lib/mock/alma+epel-10-x86_64-bootstrap/root/var/lib/mock/alma+epel-10-x86_64/root'] with env {'TERM': 'vt100', 'SHELL': '/bin/sh', 'HOME': '/builddir', 'HOSTNAME': 'mock', 'PATH': '/usr/bin:/bin:/usr/sbin:/sbin', 'LANG': 'C.UTF-8'} and shell False
DEBUG util.py:610:  Child return code was: 0
DEBUG util.py:636:  child environment: None
DEBUG util.py:558:  Executing command: ['/bin/umount', '-n', '-l', '/var/lib/mock/alma+epel-10-x86_64-bootstrap/root/var/lib/mock/alma+epel-10-x86_64/root'] with env {'TERM': 'vt100', 'SHELL': '/bin/sh', 'HOME': '/builddir', 'HOSTNAME': 'mock', 'PATH': '/usr/bin:/bin:/usr/sbin:/sbin', 'LANG': 'C.UTF-8'} and shell False
DEBUG util.py:610:  Child return code was: 0
INFO backend.py:229:  Installed packages:
INFO backend.py:230:  R-srpm-macros-1.3.7-1.el10_1.noarch
almalinux-gpg-keys-10.1-16.el10.x86_64
almalinux-release-10.1-16.el10.x86_64
almalinux-repos-10.1-16.el10.x86_64
alternatives-1.30-2.el10.x86_64
ansible-srpm-macros-1-21.el10_1.noarch
audit-libs-4.0.3-4.el10.x86_64
authselect-1.5.0-8.el10.x86_64
authselect-libs-1.5.0-8.el10.x86_64
basesystem-11-22.el10.noarch
bash-5.2.26-6.el10.x86_64
binutils-2.41-58.el10_1.2.alma.1.x86_64
binutils-gold-2.41-58.el10_1.2.alma.1.x86_64
bzip2-1.0.8-25.el10.x86_64
bzip2-libs-1.0.8-25.el10.x86_64
ca-certificates-2025.2.80_v9.0.305-102.el10_1.noarch
coreutils-9.5-6.el10.x86_64
coreutils-common-9.5-6.el10.x86_64
cpio-2.15-3.el10.x86_64
cracklib-2.9.11-8.el10.x86_64
cracklib-dicts-2.9.11-8.el10.x86_64
crypto-policies-20250905-2.gitc7eb7b2.el10_1.1.noarch
curl-8.12.1-2.el10_1.2.x86_64
cyrus-sasl-lib-2.1.28-29.el10.x86_64
debugedit-5.1-8.el10.x86_64
diffutils-3.10-8.el10.x86_64
dwz-0.16-1.el10.x86_64
ed-1.20-5.el10.x86_64
efi-srpm-macros-6-6.el10.alma.1.noarch
elfutils-0.193-1.el10.x86_64
elfutils-debuginfod-client-0.193-1.el10.x86_64
elfutils-default-yama-scope-0.193-1.el10.noarch
elfutils-libelf-0.193-1.el10.x86_64
elfutils-libs-0.193-1.el10.x86_64
epel-rpm-macros-10-7.el10_1.noarch
file-5.45-8.el10.x86_64
file-libs-5.45-8.el10.x86_64
filesystem-3.18-17.el10.x86_64
findutils-4.10.0-5.el10.x86_64
fonts-srpm-macros-2.0.5-18.el10.noarch
forge-srpm-macros-0.4.0-6.el10.noarch
fpc-srpm-macros-1.3-7.el10_1.noarch
gawk-5.3.0-6.el10.x86_64
gdb-minimal-16.3-2.el10.x86_64
gdbm-1.23-12.el10_0.x86_64
gdbm-libs-1.23-12.el10_0.x86_64
ghc-srpm-macros-1.9.2-1.el10_0.noarch
glibc-2.39-58.el10_1.7.alma.1.x86_64
glibc-common-2.39-58.el10_1.7.alma.1.x86_64
glibc-gconv-extra-2.39-58.el10_1.7.alma.1.x86_64
glibc-minimal-langpack-2.39-58.el10_1.7.alma.1.x86_64
gmp-6.2.1-12.el10.x86_64
go-srpm-macros-3.6.0-8.el10_1.noarch
gpg-pubkey-c2a1e572-668fe8ef
gpg-pubkey-e37ed158-65785fa9
grep-3.11-10.el10.x86_64
gzip-1.13-3.el10.x86_64
info-7.1-6.el10.x86_64
jansson-2.14-3.el10.x86_64
json-c-0.18-3.el10.x86_64
kernel-srpm-macros-1.0-25.el10.noarch
keyutils-libs-1.6.3-5.el10.x86_64
krb5-libs-1.21.3-9.el10_1.x86_64
libacl-2.3.2-4.el10.x86_64
libarchive-3.7.7-8.el10_1.x86_64
libattr-2.5.2-5.el10.x86_64
libblkid-2.40.2-15.el10_1.x86_64
libbrotli-1.1.0-7.el10_1.x86_64
libcap-2.69-7.el10_1.1.x86_64
libcap-ng-0.8.4-6.el10.x86_64
libcom_err-1.47.1-4.el10.x86_64
libcurl-8.12.1-2.el10_1.2.x86_64
libeconf-0.6.2-4.el10.x86_64
libevent-2.1.12-16.el10.x86_64
libfdisk-2.40.2-15.el10_1.x86_64
libffi-3.4.4-10.el10.x86_64
libgcc-14.3.1-2.1.el10.alma.1.x86_64
libgomp-14.3.1-2.1.el10.alma.1.x86_64
libidn2-2.3.7-3.el10.x86_64
libmount-2.40.2-15.el10_1.x86_64
libnghttp2-1.64.0-2.el10_1.1.x86_64
libpkgconf-2.1.0-3.el10.x86_64
libpsl-0.21.5-6.el10.x86_64
libpwquality-1.4.5-12.el10.x86_64
libselinux-3.9-1.el10.x86_64
libsemanage-3.9-1.el10.x86_64
libsepol-3.9-1.el10.x86_64
libsmartcols-2.40.2-15.el10_1.x86_64
libssh-0.11.1-5.el10_1.x86_64
libssh-config-0.11.1-5.el10_1.noarch
libstdc++-14.3.1-2.1.el10.alma.1.x86_64
libtasn1-4.20.0-1.el10.x86_64
libunistring-1.1-10.el10.x86_64
libutempter-1.2.1-15.el10.x86_64
libuuid-2.40.2-15.el10_1.x86_64
libverto-0.3.2-10.el10.x86_64
libxcrypt-4.4.36-10.el10.x86_64
libxml2-2.12.5-9.el10_0.x86_64
libzstd-1.5.5-9.el10.x86_64
lua-libs-5.4.6-7.el10.x86_64
lua-srpm-macros-1-15.el10.noarch
lz4-libs-1.9.4-8.el10.x86_64
mpfr-4.2.1-5.el10.x86_64
ncurses-base-6.4-15.20240127.el10_1.noarch
ncurses-libs-6.4-15.20240127.el10_1.x86_64
ocaml-srpm-macros-10-4.el10.noarch
openblas-srpm-macros-2-19.el10.noarch
openldap-2.6.9-1.el10.x86_64
openssl-fips-provider-3.5.1-7.el10_1.alma.1.x86_64
openssl-libs-3.5.1-7.el10_1.alma.1.x86_64
p11-kit-0.25.5-7.el10.x86_64
p11-kit-trust-0.25.5-7.el10.x86_64
package-notes-srpm-macros-0.5-13.el10.noarch
pam-1.6.1-8.el10.x86_64
pam-libs-1.6.1-8.el10.x86_64
patch-2.7.6-26.el10.x86_64
pcre2-10.44-1.el10.3.x86_64
pcre2-syntax-10.44-1.el10.3.noarch
perl-srpm-macros-1-57.el10.noarch
pkgconf-2.1.0-3.el10.x86_64
pkgconf-m4-2.1.0-3.el10.noarch
pkgconf-pkg-config-2.1.0-3.el10.x86_64
popt-1.19-8.el10.x86_64
publicsuffix-list-dafsa-20240107-5.el10.noarch
pyproject-srpm-macros-1.16.2-1.el10.noarch
python-srpm-macros-3.12-10.el10.noarch
qt6-srpm-macros-6.9.1-1.el10.noarch
readline-8.2-11.el10.x86_64
redhat-rpm-config-293-1.el10.alma.2.noarch
rpm-4.19.1.1-20.el10.alma.1.x86_64
rpm-build-4.19.1.1-20.el10.alma.1.x86_64
rpm-build-libs-4.19.1.1-20.el10.alma.1.x86_64
rpm-libs-4.19.1.1-20.el10.alma.1.x86_64
rpm-sequoia-1.9.0.3-1.el10_1.x86_64
rust-toolset-srpm-macros-1.88.0-1.el10.alma.1.noarch
sed-4.9-3.el10.x86_64
setup-2.14.5-7.el10.noarch
shadow-utils-4.15.0-10.el10_1.x86_64
sqlite-libs-3.46.1-5.el10_1.x86_64
systemd-libs-257-13.el10.alma.1.x86_64
tar-1.35-9.el10_1.x86_64
unzip-6.0-69.el10.x86_64
util-linux-2.40.2-15.el10_1.x86_64
util-linux-core-2.40.2-15.el10_1.x86_64
which-2.21-44.el10_0.x86_64
xz-5.6.2-4.el10_0.x86_64
xz-libs-5.6.2-4.el10_0.x86_64
zip-3.0-45.el10.x86_64
zlib-ng-compat-2.2.3-3.el10_1.x86_64
zstd-1.5.5-9.el10.x86_64
DEBUG util.py:636:  child environment: None
DEBUG util.py:553:  Using nspawn with args ['--capability=cap_ipc_lock', '--bind=/tmp/mock-resolv.6ow9n3zv:/etc/resolv.conf', '--bind=/dev/mapper/control', '--bind=/dev/fuse', '--bind=/dev/loop-control', '--bind=/dev/loop0', '--bind=/dev/loop1', '--bind=/dev/loop2', '--bind=/dev/loop3', '--bind=/dev/loop4', '--bind=/dev/loop5', '--bind=/dev/loop6', '--bind=/dev/loop7', '--bind=/dev/loop8', '--bind=/dev/loop9', '--bind=/dev/loop10', '--bind=/dev/loop11']
DEBUG util.py:558:  Executing command: ['/usr/bin/systemd-nspawn', '-q', '-M', '46c7856c458340c6b868a05151d7bfa8', '-D', '/var/lib/mock/alma+epel-10-x86_64/root', '-a', '-u', 'mockbuild', '--capability=cap_ipc_lock', '--bind=/tmp/mock-resolv.6ow9n3zv:/etc/resolv.conf', '--bind=/dev/mapper/control', '--bind=/dev/fuse', '--bind=/dev/loop-control', '--bind=/dev/loop0', '--bind=/dev/loop1', '--bind=/dev/loop2', '--bind=/dev/loop3', '--bind=/dev/loop4', '--bind=/dev/loop5', '--bind=/dev/loop6', '--bind=/dev/loop7', '--bind=/dev/loop8', '--bind=/dev/loop9', '--bind=/dev/loop10', '--bind=/dev/loop11', '--console=pipe', '--setenv=TERM=vt100', '--setenv=SHELL=/bin/bash', '--setenv=HOME=/builddir', '--setenv=HOSTNAME=mock', '--setenv=PATH=/usr/bin:/bin:/usr/sbin:/sbin', '--setenv=PROMPT_COMMAND=printf "\\033]0;<mock-chroot>\\007"', '--setenv=PS1=<mock-chroot> \\s-\\v\\$ ', '--setenv=LANG=C.UTF-8', '--resolv-conf=off', '/bin/rpm', '-Uvh', '--nodeps', '/builddir/build/originals/smbldap-tools-0.9.11-25.el9.src.rpm'] with env {'TERM': 'vt100', 'SHELL': '/bin/bash', 'HOME': '/builddir', 'HOSTNAME': 'mock', 'PATH': '/usr/bin:/bin:/usr/sbin:/sbin', 'PROMPT_COMMAND': 'printf "\\033]0;<mock-chroot>\\007"', 'PS1': '<mock-chroot> \\s-\\v\\$ ', 'LANG': 'C.UTF-8', 'SYSTEMD_NSPAWN_TMPFS_TMP': '0', 'SYSTEMD_SECCOMP': '0'} and shell False
DEBUG util.py:463:  Updating / installing...
DEBUG util.py:463:  smbldap-tools-0.9.11-25.el9           ########################################
DEBUG util.py:610:  Child return code was: 0
DEBUG util.py:636:  child environment: None
DEBUG util.py:553:  Using nspawn with args ['--capability=cap_ipc_lock', '--bind=/tmp/mock-resolv.6ow9n3zv:/etc/resolv.conf', '--bind=/dev/mapper/control', '--bind=/dev/fuse', '--bind=/dev/loop-control', '--bind=/dev/loop0', '--bind=/dev/loop1', '--bind=/dev/loop2', '--bind=/dev/loop3', '--bind=/dev/loop4', '--bind=/dev/loop5', '--bind=/dev/loop6', '--bind=/dev/loop7', '--bind=/dev/loop8', '--bind=/dev/loop9', '--bind=/dev/loop10', '--bind=/dev/loop11']
DEBUG util.py:558:  Executing command: ['/usr/bin/systemd-nspawn', '-q', '-M', 'b176c23f937a46bc9302d1f702fbcdad', '-D', '/var/lib/mock/alma+epel-10-x86_64/root', '-a', '-u', 'mockbuild', '--capability=cap_ipc_lock', '--bind=/tmp/mock-resolv.6ow9n3zv:/etc/resolv.conf', '--bind=/dev/mapper/control', '--bind=/dev/fuse', '--bind=/dev/loop-control', '--bind=/dev/loop0', '--bind=/dev/loop1', '--bind=/dev/loop2', '--bind=/dev/loop3', '--bind=/dev/loop4', '--bind=/dev/loop5', '--bind=/dev/loop6', '--bind=/dev/loop7', '--bind=/dev/loop8', '--bind=/dev/loop9', '--bind=/dev/loop10', '--bind=/dev/loop11', '--console=pipe', '--setenv=TERM=vt100', '--setenv=SHELL=/bin/bash', '--setenv=HOME=/builddir', '--setenv=HOSTNAME=mock', '--setenv=PATH=/usr/bin:/bin:/usr/sbin:/sbin', '--setenv=PROMPT_COMMAND=printf "\\033]0;<mock-chroot>\\007"', '--setenv=PS1=<mock-chroot> \\s-\\v\\$ ', '--setenv=LANG=C.UTF-8', '--resolv-conf=off', '/bin/rpm', '-qpl', '/builddir/build/originals/smbldap-tools-0.9.11-25.el9.src.rpm'] with env {'TERM': 'vt100', 'SHELL': '/bin/bash', 'HOME': '/builddir', 'HOSTNAME': 'mock', 'PATH': '/usr/bin:/bin:/usr/sbin:/sbin', 'PROMPT_COMMAND': 'printf "\\033]0;<mock-chroot>\\007"', 'PS1': '<mock-chroot> \\s-\\v\\$ ', 'LANG': 'C.UTF-8', 'SYSTEMD_NSPAWN_TMPFS_TMP': '0', 'SYSTEMD_SECCOMP': '0'} and shell False
DEBUG util.py:463:  smbldap-tools-0.9.11-bz1456783.patch
DEBUG util.py:463:  smbldap-tools-0.9.11.tar.gz
DEBUG util.py:463:  smbldap-tools-0.9.9-config.patch
DEBUG util.py:463:  smbldap-tools.spec
DEBUG util.py:610:  Child return code was: 0
DEBUG file_util.py:17:  ensuring that dir exists: /var/lib/mock/alma+epel-10-x86_64-bootstrap/root/var/lib/mock/alma+epel-10-x86_64/root
DEBUG util.py:636:  child environment: None
DEBUG util.py:558:  Executing command: ['/bin/mount', '-n', '-t', 'tmpfs', '-o', 'private,mode=0755', 'tmpfs', '/var/lib/mock/alma+epel-10-x86_64-bootstrap/root/var/lib/mock/alma+epel-10-x86_64/root'] with env {'TERM': 'vt100', 'SHELL': '/bin/sh', 'HOME': '/builddir', 'HOSTNAME': 'mock', 'PATH': '/usr/bin:/bin:/usr/sbin:/sbin', 'LANG': 'C.UTF-8'} and shell False
DEBUG util.py:610:  Child return code was: 0
DEBUG file_util.py:17:  ensuring that dir exists: /var/lib/mock/alma+epel-10-x86_64-bootstrap/root/var/lib/mock/alma+epel-10-x86_64/root
DEBUG util.py:636:  child environment: None
DEBUG util.py:558:  Executing command: ['/bin/mount', '-n', '-o', 'rbind', '/var/lib/mock/alma+epel-10-x86_64/root', '/var/lib/mock/alma+epel-10-x86_64-bootstrap/root/var/lib/mock/alma+epel-10-x86_64/root'] with env {'TERM': 'vt100', 'SHELL': '/bin/sh', 'HOME': '/builddir', 'HOSTNAME': 'mock', 'PATH': '/usr/bin:/bin:/usr/sbin:/sbin', 'LANG': 'C.UTF-8'} and shell False
DEBUG util.py:610:  Child return code was: 0
DEBUG util.py:636:  child environment: None
DEBUG util.py:558:  Executing command: ['/bin/mount', '-n', '-o', 'remount,private,rbind', '--target', '/var/lib/mock/alma+epel-10-x86_64-bootstrap/root/var/lib/mock/alma+epel-10-x86_64/root'] with env {'TERM': 'vt100', 'SHELL': '/bin/sh', 'HOME': '/builddir', 'HOSTNAME': 'mock', 'PATH': '/usr/bin:/bin:/usr/sbin:/sbin', 'LANG': 'C.UTF-8'} and shell False
DEBUG util.py:610:  Child return code was: 0
DEBUG util.py:636:  child environment: None
DEBUG util.py:553:  Using nspawn with args ['--capability=cap_ipc_lock', '--bind=/tmp/mock-resolv.fitl_6e6:/etc/resolv.conf']
DEBUG util.py:558:  Executing command: ['/usr/bin/systemd-nspawn', '-q', '-M', 'e7141b36fd0747f0b9c776c76f49c9ae', '-D', '/var/lib/mock/alma+epel-10-x86_64-bootstrap/root', '-a', '--capability=cap_ipc_lock', '--bind=/tmp/mock-resolv.fitl_6e6:/etc/resolv.conf', '--console=pipe', '--setenv=TERM=vt100', '--setenv=SHELL=/bin/bash', '--setenv=HOME=/builddir', '--setenv=HOSTNAME=mock', '--setenv=PATH=/usr/bin:/bin:/usr/sbin:/sbin', '--setenv=PROMPT_COMMAND=printf "\\033]0;<mock-chroot>\\007"', '--setenv=PS1=<mock-chroot> \\s-\\v\\$ ', '--setenv=LANG=C.UTF-8', '--resolv-conf=off', '/bin/rpm', '-qa', '--root', '/var/lib/mock/alma+epel-10-x86_64/root'] with env {'TERM': 'vt100', 'SHELL': '/bin/bash', 'HOME': '/builddir', 'HOSTNAME': 'mock', 'PATH': '/usr/bin:/bin:/usr/sbin:/sbin', 'PROMPT_COMMAND': 'printf "\\033]0;<mock-chroot>\\007"', 'PS1': '<mock-chroot> \\s-\\v\\$ ', 'LANG': 'C.UTF-8', 'SYSTEMD_NSPAWN_TMPFS_TMP': '0', 'SYSTEMD_SECCOMP': '0'} and shell False
DEBUG util.py:463:  gpg-pubkey-c2a1e572-668fe8ef
DEBUG util.py:463:  gpg-pubkey-e37ed158-65785fa9
DEBUG util.py:463:  libgcc-14.3.1-2.1.el10.alma.1.x86_64
DEBUG util.py:463:  ghc-srpm-macros-1.9.2-1.el10_0.noarch
DEBUG util.py:463:  fpc-srpm-macros-1.3-7.el10_1.noarch
DEBUG util.py:463:  ansible-srpm-macros-1-21.el10_1.noarch
DEBUG util.py:463:  rust-toolset-srpm-macros-1.88.0-1.el10.alma.1.noarch
DEBUG util.py:463:  qt6-srpm-macros-6.9.1-1.el10.noarch
DEBUG util.py:463:  perl-srpm-macros-1-57.el10.noarch
DEBUG util.py:463:  package-notes-srpm-macros-0.5-13.el10.noarch
DEBUG util.py:463:  openblas-srpm-macros-2-19.el10.noarch
DEBUG util.py:463:  ocaml-srpm-macros-10-4.el10.noarch
DEBUG util.py:463:  kernel-srpm-macros-1.0-25.el10.noarch
DEBUG util.py:463:  publicsuffix-list-dafsa-20240107-5.el10.noarch
DEBUG util.py:463:  pkgconf-m4-2.1.0-3.el10.noarch
DEBUG util.py:463:  pcre2-syntax-10.44-1.el10.3.noarch
DEBUG util.py:463:  ncurses-base-6.4-15.20240127.el10_1.noarch
DEBUG util.py:463:  libssh-config-0.11.1-5.el10_1.noarch
DEBUG util.py:463:  coreutils-common-9.5-6.el10.x86_64
DEBUG util.py:463:  almalinux-gpg-keys-10.1-16.el10.x86_64
DEBUG util.py:463:  almalinux-release-10.1-16.el10.x86_64
DEBUG util.py:463:  almalinux-repos-10.1-16.el10.x86_64
DEBUG util.py:463:  setup-2.14.5-7.el10.noarch
DEBUG util.py:463:  filesystem-3.18-17.el10.x86_64
DEBUG util.py:463:  basesystem-11-22.el10.noarch
DEBUG util.py:463:  glibc-gconv-extra-2.39-58.el10_1.7.alma.1.x86_64
DEBUG util.py:463:  ncurses-libs-6.4-15.20240127.el10_1.x86_64
DEBUG util.py:463:  glibc-2.39-58.el10_1.7.alma.1.x86_64
DEBUG util.py:463:  bash-5.2.26-6.el10.x86_64
DEBUG util.py:463:  glibc-common-2.39-58.el10_1.7.alma.1.x86_64
DEBUG util.py:463:  glibc-minimal-langpack-2.39-58.el10_1.7.alma.1.x86_64
DEBUG util.py:463:  zlib-ng-compat-2.2.3-3.el10_1.x86_64
DEBUG util.py:463:  bzip2-libs-1.0.8-25.el10.x86_64
DEBUG util.py:463:  xz-libs-5.6.2-4.el10_0.x86_64
DEBUG util.py:463:  libstdc++-14.3.1-2.1.el10.alma.1.x86_64
DEBUG util.py:463:  libuuid-2.40.2-15.el10_1.x86_64
DEBUG util.py:463:  popt-1.19-8.el10.x86_64
DEBUG util.py:463:  readline-8.2-11.el10.x86_64
DEBUG util.py:463:  libblkid-2.40.2-15.el10_1.x86_64
DEBUG util.py:463:  gmp-6.2.1-12.el10.x86_64
DEBUG util.py:463:  libattr-2.5.2-5.el10.x86_64
DEBUG util.py:463:  libacl-2.3.2-4.el10.x86_64
DEBUG util.py:463:  libxcrypt-4.4.36-10.el10.x86_64
DEBUG util.py:463:  libzstd-1.5.5-9.el10.x86_64
DEBUG util.py:463:  elfutils-libelf-0.193-1.el10.x86_64
DEBUG util.py:463:  crypto-policies-20250905-2.gitc7eb7b2.el10_1.1.noarch
DEBUG util.py:463:  gdbm-libs-1.23-12.el10_0.x86_64
DEBUG util.py:463:  libeconf-0.6.2-4.el10.x86_64
DEBUG util.py:463:  dwz-0.16-1.el10.x86_64
DEBUG util.py:463:  mpfr-4.2.1-5.el10.x86_64
DEBUG util.py:463:  gawk-5.3.0-6.el10.x86_64
DEBUG util.py:463:  unzip-6.0-69.el10.x86_64
DEBUG util.py:463:  file-libs-5.45-8.el10.x86_64
DEBUG util.py:463:  file-5.45-8.el10.x86_64
DEBUG util.py:463:  alternatives-1.30-2.el10.x86_64
DEBUG util.py:463:  jansson-2.14-3.el10.x86_64
DEBUG util.py:463:  libcap-ng-0.8.4-6.el10.x86_64
DEBUG util.py:463:  audit-libs-4.0.3-4.el10.x86_64
DEBUG util.py:463:  pam-libs-1.6.1-8.el10.x86_64
DEBUG util.py:463:  libcap-2.69-7.el10_1.1.x86_64
DEBUG util.py:463:  systemd-libs-257-13.el10.alma.1.x86_64
DEBUG util.py:463:  libffi-3.4.4-10.el10.x86_64
DEBUG util.py:463:  libsepol-3.9-1.el10.x86_64
DEBUG util.py:463:  libsmartcols-2.40.2-15.el10_1.x86_64
DEBUG util.py:463:  libtasn1-4.20.0-1.el10.x86_64
DEBUG util.py:463:  libunistring-1.1-10.el10.x86_64
DEBUG util.py:463:  libidn2-2.3.7-3.el10.x86_64
DEBUG util.py:463:  lua-libs-5.4.6-7.el10.x86_64
DEBUG util.py:463:  lz4-libs-1.9.4-8.el10.x86_64
DEBUG util.py:463:  pcre2-10.44-1.el10.3.x86_64
DEBUG util.py:463:  libselinux-3.9-1.el10.x86_64
DEBUG util.py:463:  sed-4.9-3.el10.x86_64
DEBUG util.py:463:  findutils-4.10.0-5.el10.x86_64
DEBUG util.py:463:  grep-3.11-10.el10.x86_64
DEBUG util.py:463:  xz-5.6.2-4.el10_0.x86_64
DEBUG util.py:463:  libmount-2.40.2-15.el10_1.x86_64
DEBUG util.py:463:  util-linux-core-2.40.2-15.el10_1.x86_64
DEBUG util.py:463:  libsemanage-3.9-1.el10.x86_64
DEBUG util.py:463:  shadow-utils-4.15.0-10.el10_1.x86_64
DEBUG util.py:463:  libutempter-1.2.1-15.el10.x86_64
DEBUG util.py:463:  tar-1.35-9.el10_1.x86_64
DEBUG util.py:463:  zstd-1.5.5-9.el10.x86_64
DEBUG util.py:463:  libpsl-0.21.5-6.el10.x86_64
DEBUG util.py:463:  p11-kit-0.25.5-7.el10.x86_64
DEBUG util.py:463:  p11-kit-trust-0.25.5-7.el10.x86_64
DEBUG util.py:463:  openssl-fips-provider-3.5.1-7.el10_1.alma.1.x86_64
DEBUG util.py:463:  openssl-libs-3.5.1-7.el10_1.alma.1.x86_64
DEBUG util.py:463:  coreutils-9.5-6.el10.x86_64
DEBUG util.py:463:  ca-certificates-2025.2.80_v9.0.305-102.el10_1.noarch
DEBUG util.py:463:  authselect-libs-1.5.0-8.el10.x86_64
DEBUG util.py:463:  gzip-1.13-3.el10.x86_64
DEBUG util.py:463:  cracklib-2.9.11-8.el10.x86_64
DEBUG util.py:463:  cracklib-dicts-2.9.11-8.el10.x86_64
DEBUG util.py:463:  libpwquality-1.4.5-12.el10.x86_64
DEBUG util.py:463:  libevent-2.1.12-16.el10.x86_64
DEBUG util.py:463:  rpm-sequoia-1.9.0.3-1.el10_1.x86_64
DEBUG util.py:463:  zip-3.0-45.el10.x86_64
DEBUG util.py:463:  cyrus-sasl-lib-2.1.28-29.el10.x86_64
DEBUG util.py:463:  openldap-2.6.9-1.el10.x86_64
DEBUG util.py:463:  gdbm-1.23-12.el10_0.x86_64
DEBUG util.py:463:  pam-1.6.1-8.el10.x86_64
DEBUG util.py:463:  libfdisk-2.40.2-15.el10_1.x86_64
DEBUG util.py:463:  libxml2-2.12.5-9.el10_0.x86_64
DEBUG util.py:463:  libarchive-3.7.7-8.el10_1.x86_64
DEBUG util.py:463:  bzip2-1.0.8-25.el10.x86_64
DEBUG util.py:463:  sqlite-libs-3.46.1-5.el10_1.x86_64
DEBUG util.py:463:  rpm-libs-4.19.1.1-20.el10.alma.1.x86_64
DEBUG util.py:463:  ed-1.20-5.el10.x86_64
DEBUG util.py:463:  patch-2.7.6-26.el10.x86_64
DEBUG util.py:463:  elfutils-default-yama-scope-0.193-1.el10.noarch
DEBUG util.py:463:  cpio-2.15-3.el10.x86_64
DEBUG util.py:463:  diffutils-3.10-8.el10.x86_64
DEBUG util.py:463:  json-c-0.18-3.el10.x86_64
DEBUG util.py:463:  keyutils-libs-1.6.3-5.el10.x86_64
DEBUG util.py:463:  libbrotli-1.1.0-7.el10_1.x86_64
DEBUG util.py:463:  libcom_err-1.47.1-4.el10.x86_64
DEBUG util.py:463:  libgomp-14.3.1-2.1.el10.alma.1.x86_64
DEBUG util.py:463:  libnghttp2-1.64.0-2.el10_1.1.x86_64
DEBUG util.py:463:  libpkgconf-2.1.0-3.el10.x86_64
DEBUG util.py:463:  pkgconf-2.1.0-3.el10.x86_64
DEBUG util.py:463:  pkgconf-pkg-config-2.1.0-3.el10.x86_64
DEBUG util.py:463:  libverto-0.3.2-10.el10.x86_64
DEBUG util.py:463:  krb5-libs-1.21.3-9.el10_1.x86_64
DEBUG util.py:463:  libssh-0.11.1-5.el10_1.x86_64
DEBUG util.py:463:  libcurl-8.12.1-2.el10_1.2.x86_64
DEBUG util.py:463:  elfutils-libs-0.193-1.el10.x86_64
DEBUG util.py:463:  elfutils-debuginfod-client-0.193-1.el10.x86_64
DEBUG util.py:463:  binutils-gold-2.41-58.el10_1.2.alma.1.x86_64
DEBUG util.py:463:  binutils-2.41-58.el10_1.2.alma.1.x86_64
DEBUG util.py:463:  elfutils-0.193-1.el10.x86_64
DEBUG util.py:463:  gdb-minimal-16.3-2.el10.x86_64
DEBUG util.py:463:  debugedit-5.1-8.el10.x86_64
DEBUG util.py:463:  rpm-build-libs-4.19.1.1-20.el10.alma.1.x86_64
DEBUG util.py:463:  curl-8.12.1-2.el10_1.2.x86_64
DEBUG util.py:463:  rpm-4.19.1.1-20.el10.alma.1.x86_64
DEBUG util.py:463:  efi-srpm-macros-6-6.el10.alma.1.noarch
DEBUG util.py:463:  lua-srpm-macros-1-15.el10.noarch
DEBUG util.py:463:  fonts-srpm-macros-2.0.5-18.el10.noarch
DEBUG util.py:463:  forge-srpm-macros-0.4.0-6.el10.noarch
DEBUG util.py:463:  go-srpm-macros-3.6.0-8.el10_1.noarch
DEBUG util.py:463:  python-srpm-macros-3.12-10.el10.noarch
DEBUG util.py:463:  redhat-rpm-config-293-1.el10.alma.2.noarch
DEBUG util.py:463:  rpm-build-4.19.1.1-20.el10.alma.1.x86_64
DEBUG util.py:463:  pyproject-srpm-macros-1.16.2-1.el10.noarch
DEBUG util.py:463:  R-srpm-macros-1.3.7-1.el10_1.noarch
DEBUG util.py:463:  epel-rpm-macros-10-7.el10_1.noarch
DEBUG util.py:463:  util-linux-2.40.2-15.el10_1.x86_64
DEBUG util.py:463:  authselect-1.5.0-8.el10.x86_64
DEBUG util.py:463:  which-2.21-44.el10_0.x86_64
DEBUG util.py:463:  info-7.1-6.el10.x86_64
DEBUG util.py:610:  Child return code was: 0
DEBUG util.py:185:  kill orphans in chroot /var/lib/mock/alma+epel-10-x86_64/root
DEBUG util.py:185:  kill orphans in chroot /var/lib/mock/alma+epel-10-x86_64-bootstrap/root/var/lib/mock/alma+epel-10-x86_64/root
DEBUG util.py:636:  child environment: None
DEBUG util.py:558:  Executing command: ['/bin/umount', '-n', '-l', '/var/lib/mock/alma+epel-10-x86_64-bootstrap/root/var/lib/mock/alma+epel-10-x86_64/root'] with env {'TERM': 'vt100', 'SHELL': '/bin/sh', 'HOME': '/builddir', 'HOSTNAME': 'mock', 'PATH': '/usr/bin:/bin:/usr/sbin:/sbin', 'LANG': 'C.UTF-8'} and shell False
DEBUG util.py:610:  Child return code was: 0
DEBUG util.py:636:  child environment: None
DEBUG util.py:558:  Executing command: ['/bin/umount', '-n', '-l', '/var/lib/mock/alma+epel-10-x86_64-bootstrap/root/var/lib/mock/alma+epel-10-x86_64/root'] with env {'TERM': 'vt100', 'SHELL': '/bin/sh', 'HOME': '/builddir', 'HOSTNAME': 'mock', 'PATH': '/usr/bin:/bin:/usr/sbin:/sbin', 'LANG': 'C.UTF-8'} and shell False
DEBUG util.py:610:  Child return code was: 0
DEBUG util.py:636:  child environment: None
DEBUG util.py:553:  Using nspawn with args ['--capability=cap_ipc_lock', '--bind=/tmp/mock-resolv.6ow9n3zv:/etc/resolv.conf', '--bind=/dev/mapper/control', '--bind=/dev/fuse', '--bind=/dev/loop-control', '--bind=/dev/loop0', '--bind=/dev/loop1', '--bind=/dev/loop2', '--bind=/dev/loop3', '--bind=/dev/loop4', '--bind=/dev/loop5', '--bind=/dev/loop6', '--bind=/dev/loop7', '--bind=/dev/loop8', '--bind=/dev/loop9', '--bind=/dev/loop10', '--bind=/dev/loop11']
DEBUG util.py:558:  Executing command: ['/usr/bin/systemd-nspawn', '-q', '-M', '34ba8ae74b6641e0a3525a878284f787', '-D', '/var/lib/mock/alma+epel-10-x86_64/root', '-a', '--capability=cap_ipc_lock', '--bind=/tmp/mock-resolv.6ow9n3zv:/etc/resolv.conf', '--bind=/dev/mapper/control', '--bind=/dev/fuse', '--bind=/dev/loop-control', '--bind=/dev/loop0', '--bind=/dev/loop1', '--bind=/dev/loop2', '--bind=/dev/loop3', '--bind=/dev/loop4', '--bind=/dev/loop5', '--bind=/dev/loop6', '--bind=/dev/loop7', '--bind=/dev/loop8', '--bind=/dev/loop9', '--bind=/dev/loop10', '--bind=/dev/loop11', '--console=pipe', '--setenv=TERM=vt100', '--setenv=SHELL=/bin/bash', '--setenv=HOME=/builddir', '--setenv=HOSTNAME=mock', '--setenv=PATH=/usr/bin:/bin:/usr/sbin:/sbin', '--setenv=PROMPT_COMMAND=printf "\\033]0;<mock-chroot>\\007"', '--setenv=PS1=<mock-chroot> \\s-\\v\\$ ', '--setenv=LANG=C.UTF-8', '--resolv-conf=off', '/bin/sh', '-c', 'case $(rpmbuild --help) in *--noclean*) exit 0; esac; exit 1'] with env {'TERM': 'vt100', 'SHELL': '/bin/bash', 'HOME': '/builddir', 'HOSTNAME': 'mock', 'PATH': '/usr/bin:/bin:/usr/sbin:/sbin', 'PROMPT_COMMAND': 'printf "\\033]0;<mock-chroot>\\007"', 'PS1': '<mock-chroot> \\s-\\v\\$ ', 'LANG': 'C.UTF-8', 'SYSTEMD_NSPAWN_TMPFS_TMP': '0', 'SYSTEMD_SECCOMP': '0'} and shell False
DEBUG util.py:610:  Child return code was: 0
DEBUG util.py:636:  child environment: None
DEBUG file_util.py:17:  ensuring that dir exists: /var/lib/mock/alma+epel-10-x86_64/root/proc
DEBUG util.py:636:  child environment: None
DEBUG util.py:558:  Executing command: ['/bin/mount', '-n', '-t', 'tmpfs', '-o', 'rprivate,mode=0755', 'tmpfs', '/var/lib/mock/alma+epel-10-x86_64/root/proc'] with env {'TERM': 'vt100', 'SHELL': '/bin/sh', 'HOME': '/builddir', 'HOSTNAME': 'mock', 'PATH': '/usr/bin:/bin:/usr/sbin:/sbin', 'LANG': 'C.UTF-8'} and shell False
DEBUG util.py:610:  Child return code was: 0
DEBUG file_util.py:17:  ensuring that dir exists: /var/lib/mock/alma+epel-10-x86_64/root/proc
DEBUG util.py:636:  child environment: None
DEBUG util.py:558:  Executing command: ['/bin/mount', '-n', '-o', 'rbind', '/proc', '/var/lib/mock/alma+epel-10-x86_64/root/proc'] with env {'TERM': 'vt100', 'SHELL': '/bin/sh', 'HOME': '/builddir', 'HOSTNAME': 'mock', 'PATH': '/usr/bin:/bin:/usr/sbin:/sbin', 'LANG': 'C.UTF-8'} and shell False
DEBUG util.py:610:  Child return code was: 0
DEBUG util.py:636:  child environment: None
DEBUG util.py:558:  Executing command: ['/bin/mount', '-n', '-o', 'remount,nodev,noexec,nosuid,readonly,rprivate,rbind', '--target', '/var/lib/mock/alma+epel-10-x86_64/root/proc'] with env {'TERM': 'vt100', 'SHELL': '/bin/sh', 'HOME': '/builddir', 'HOSTNAME': 'mock', 'PATH': '/usr/bin:/bin:/usr/sbin:/sbin', 'LANG': 'C.UTF-8'} and shell False
DEBUG util.py:610:  Child return code was: 0
DEBUG file_util.py:17:  ensuring that dir exists: /var/lib/mock/alma+epel-10-x86_64/root/sys
DEBUG util.py:636:  child environment: None
DEBUG util.py:558:  Executing command: ['/bin/mount', '-n', '-t', 'tmpfs', '-o', 'rprivate,mode=0755', 'tmpfs', '/var/lib/mock/alma+epel-10-x86_64/root/sys'] with env {'TERM': 'vt100', 'SHELL': '/bin/sh', 'HOME': '/builddir', 'HOSTNAME': 'mock', 'PATH': '/usr/bin:/bin:/usr/sbin:/sbin', 'LANG': 'C.UTF-8'} and shell False
DEBUG util.py:610:  Child return code was: 0
DEBUG file_util.py:17:  ensuring that dir exists: /var/lib/mock/alma+epel-10-x86_64/root/sys
DEBUG util.py:636:  child environment: None
DEBUG util.py:558:  Executing command: ['/bin/mount', '-n', '-o', 'rbind', '/sys', '/var/lib/mock/alma+epel-10-x86_64/root/sys'] with env {'TERM': 'vt100', 'SHELL': '/bin/sh', 'HOME': '/builddir', 'HOSTNAME': 'mock', 'PATH': '/usr/bin:/bin:/usr/sbin:/sbin', 'LANG': 'C.UTF-8'} and shell False
DEBUG util.py:610:  Child return code was: 0
DEBUG util.py:636:  child environment: None
DEBUG util.py:558:  Executing command: ['/bin/mount', '-n', '-o', 'remount,nodev,noexec,nosuid,readonly,rprivate,rbind', '--target', '/var/lib/mock/alma+epel-10-x86_64/root/sys'] with env {'TERM': 'vt100', 'SHELL': '/bin/sh', 'HOME': '/builddir', 'HOSTNAME': 'mock', 'PATH': '/usr/bin:/bin:/usr/sbin:/sbin', 'LANG': 'C.UTF-8'} and shell False
DEBUG util.py:610:  Child return code was: 0
DEBUG file_util.py:17:  ensuring that dir exists: /var/lib/mock/alma+epel-10-x86_64/root/dev/shm
DEBUG util.py:636:  child environment: None
DEBUG util.py:558:  Executing command: ['/bin/mount', '-n', '-t', 'tmpfs', 'tmpfs', '/var/lib/mock/alma+epel-10-x86_64/root/dev/shm'] with env {'TERM': 'vt100', 'SHELL': '/bin/sh', 'HOME': '/builddir', 'HOSTNAME': 'mock', 'PATH': '/usr/bin:/bin:/usr/sbin:/sbin', 'LANG': 'C.UTF-8'} and shell False
DEBUG util.py:610:  Child return code was: 0
DEBUG file_util.py:17:  ensuring that dir exists: /var/lib/mock/alma+epel-10-x86_64/root/dev/pts
DEBUG util.py:636:  child environment: None
DEBUG util.py:558:  Executing command: ['/bin/mount', '-n', '-t', 'devpts', '-o', 'gid=5,mode=0620,ptmxmode=0666,newinstance', 'devpts', '/var/lib/mock/alma+epel-10-x86_64/root/dev/pts'] with env {'TERM': 'vt100', 'SHELL': '/bin/sh', 'HOME': '/builddir', 'HOSTNAME': 'mock', 'PATH': '/usr/bin:/bin:/usr/sbin:/sbin', 'LANG': 'C.UTF-8'} and shell False
DEBUG util.py:610:  Child return code was: 0
DEBUG util.py:636:  child environment: None
DEBUG util.py:558:  Executing command: ['/bin/mount', '-n', '-o', 'bind', '/tmp/mock-selinux-plugin.swezp166', '/var/lib/mock/alma+epel-10-x86_64/root/proc/filesystems'] with env {'TERM': 'vt100', 'SHELL': '/bin/sh', 'HOME': '/builddir', 'HOSTNAME': 'mock', 'PATH': '/usr/bin:/bin:/usr/sbin:/sbin', 'LANG': 'C.UTF-8'} and shell False
DEBUG util.py:610:  Child return code was: 0
DEBUG file_util.py:17:  ensuring that dir exists: /var/lib/mock/alma+epel-10-x86_64/root/sys/fs/selinux
DEBUG util.py:636:  child environment: None
DEBUG util.py:558:  Executing command: ['/bin/mount', '-n', '-t', 'tmpfs', 'tmpfs', '/var/lib/mock/alma+epel-10-x86_64/root/sys/fs/selinux'] with env {'TERM': 'vt100', 'SHELL': '/bin/sh', 'HOME': '/builddir', 'HOSTNAME': 'mock', 'PATH': '/usr/bin:/bin:/usr/sbin:/sbin', 'LANG': 'C.UTF-8'} and shell False
DEBUG util.py:610:  Child return code was: 0
DEBUG file_util.py:17:  ensuring that dir exists: /var/lib/mock/alma+epel-10-x86_64-bootstrap/root/var/lib/mock/alma+epel-10-x86_64/root
DEBUG util.py:636:  child environment: None
DEBUG util.py:558:  Executing command: ['/bin/mount', '-n', '-t', 'tmpfs', '-o', 'private,mode=0755', 'tmpfs', '/var/lib/mock/alma+epel-10-x86_64-bootstrap/root/var/lib/mock/alma+epel-10-x86_64/root'] with env {'TERM': 'vt100', 'SHELL': '/bin/sh', 'HOME': '/builddir', 'HOSTNAME': 'mock', 'PATH': '/usr/bin:/bin:/usr/sbin:/sbin', 'LANG': 'C.UTF-8'} and shell False
DEBUG util.py:610:  Child return code was: 0
DEBUG file_util.py:17:  ensuring that dir exists: /var/lib/mock/alma+epel-10-x86_64-bootstrap/root/var/lib/mock/alma+epel-10-x86_64/root
DEBUG util.py:636:  child environment: None
DEBUG util.py:558:  Executing command: ['/bin/mount', '-n', '-o', 'rbind', '/var/lib/mock/alma+epel-10-x86_64/root', '/var/lib/mock/alma+epel-10-x86_64-bootstrap/root/var/lib/mock/alma+epel-10-x86_64/root'] with env {'TERM': 'vt100', 'SHELL': '/bin/sh', 'HOME': '/builddir', 'HOSTNAME': 'mock', 'PATH': '/usr/bin:/bin:/usr/sbin:/sbin', 'LANG': 'C.UTF-8'} and shell False
DEBUG util.py:610:  Child return code was: 0
DEBUG util.py:636:  child environment: None
DEBUG util.py:558:  Executing command: ['/bin/mount', '-n', '-o', 'remount,private,rbind', '--target', '/var/lib/mock/alma+epel-10-x86_64-bootstrap/root/var/lib/mock/alma+epel-10-x86_64/root'] with env {'TERM': 'vt100', 'SHELL': '/bin/sh', 'HOME': '/builddir', 'HOSTNAME': 'mock', 'PATH': '/usr/bin:/bin:/usr/sbin:/sbin', 'LANG': 'C.UTF-8'} and shell False
DEBUG util.py:610:  Child return code was: 0
DEBUG file_util.py:17:  ensuring that dir exists: /var/lib/mock/alma+epel-10-x86_64/root/installation-homedir
DEBUG package_manager.py:295:  ['/usr/bin/dnf-3', 'builddep', '--installroot', '/var/lib/mock/alma+epel-10-x86_64/root/', '--releasever', '10', '--setopt=deltarpm=False', '--setopt=allow_vendor_change=yes', '--allowerasing', '--disableplugin=local', '--disableplugin=spacewalk', '--disableplugin=versionlock', '/var/lib/mock/alma+epel-10-x86_64/root//builddir/build/SRPMS/smbldap-tools-0.9.11-25.el10.src.rpm']
DEBUG util.py:636:  child environment: None
DEBUG util.py:553:  Using nspawn with args ['--capability=cap_ipc_lock', '--bind=/tmp/mock-resolv.fitl_6e6:/etc/resolv.conf']
DEBUG util.py:558:  Executing command: ['/usr/bin/systemd-nspawn', '-q', '-M', '6e35246df3b04065aa9ee9c558941d07', '-D', '/var/lib/mock/alma+epel-10-x86_64-bootstrap/root', '-a', '--capability=cap_ipc_lock', '--bind=/tmp/mock-resolv.fitl_6e6:/etc/resolv.conf', '--console=pipe', '--setenv=TERM=vt100', '--setenv=SHELL=/bin/bash', '--setenv=HOME=/var/lib/mock/alma+epel-10-x86_64/root/installation-homedir', '--setenv=HOSTNAME=mock', '--setenv=PATH=/usr/bin:/bin:/usr/sbin:/sbin', '--setenv=PROMPT_COMMAND=printf "\\033]0;<mock-chroot>\\007"', '--setenv=PS1=<mock-chroot> \\s-\\v\\$ ', '--setenv=LANG=C.UTF-8', '--setenv=LC_MESSAGES=C.UTF-8', '--resolv-conf=off', '/usr/bin/dnf-3', 'builddep', '--installroot', '/var/lib/mock/alma+epel-10-x86_64/root/', '--releasever', '10', '--setopt=deltarpm=False', '--setopt=allow_vendor_change=yes', '--allowerasing', '--disableplugin=local', '--disableplugin=spacewalk', '--disableplugin=versionlock', '/var/lib/mock/alma+epel-10-x86_64/root//builddir/build/SRPMS/smbldap-tools-0.9.11-25.el10.src.rpm', '--setopt=tsflags=nocontexts'] with env {'TERM': 'vt100', 'SHELL': '/bin/bash', 'HOME': '/var/lib/mock/alma+epel-10-x86_64/root/installation-homedir', 'HOSTNAME': 'mock', 'PATH': '/usr/bin:/bin:/usr/sbin:/sbin', 'PROMPT_COMMAND': 'printf "\\033]0;<mock-chroot>\\007"', 'PS1': '<mock-chroot> \\s-\\v\\$ ', 'LANG': 'C.UTF-8', 'LC_MESSAGES': 'C.UTF-8', 'SYSTEMD_NSPAWN_TMPFS_TMP': '0', 'SYSTEMD_SECCOMP': '0'} and shell False
DEBUG util.py:461:  No matches found for the following disable plugin patterns: local, spacewalk, versionlock
DEBUG util.py:463:  localrepo                                                                                                                                                    2.9 MB/s | 3.0 kB     00:00    
DEBUG util.py:463:  AlmaLinux 10 - BaseOS                                                                                                                                        3.2 kB/s | 3.8 kB     00:01    
DEBUG util.py:463:  AlmaLinux 10 - AppStream                                                                                                                                     3.9 kB/s | 3.8 kB     00:00    
DEBUG util.py:463:  AlmaLinux 10 - CRB                                                                                                                                           3.6 kB/s | 3.8 kB     00:01    
DEBUG util.py:463:  AlmaLinux 10 - Extras                                                                                                                                        3.1 kB/s | 3.3 kB     00:01    
DEBUG util.py:463:  Extra Packages for Enterprise Linux 10 - x86_64                                                                                                              7.0 kB/s | 9.2 kB     00:01    
DEBUG util.py:463:  Package coreutils-9.5-6.el10.x86_64 is already installed.
DEBUG util.py:463:  Package sed-4.9-3.el10.x86_64 is already installed.
DEBUG util.py:463:  Dependencies resolved.
DEBUG util.py:463:  =============================================================================================================================================================================================
DEBUG util.py:463:   Package                                              Architecture                        Version                                               Repository                              Size
DEBUG util.py:463:  =============================================================================================================================================================================================
DEBUG util.py:463:  Installing:
DEBUG util.py:463:   make                                                 x86_64                              1:4.4.1-9.el10                                        baseos                                 589 k
DEBUG util.py:463:   openssl                                              x86_64                              1:3.5.1-7.el10_1.alma.1                               baseos                                 1.2 M
DEBUG util.py:463:   perl-Crypt-SmbHash                                   noarch                              0.12-48.el10                                          localrepo                               18 k
DEBUG util.py:463:   perl-Digest-MD5                                      x86_64                              2.59-6.el10                                           appstream                               36 k
DEBUG util.py:463:   perl-Digest-SHA                                      x86_64                              1:6.04-512.el10                                       appstream                               62 k
DEBUG util.py:463:   perl-Encode                                          x86_64                              4:3.21-511.el10                                       appstream                              1.1 M
DEBUG util.py:463:   perl-English                                         noarch                              1.11-512.2.el10_0                                     appstream                               13 k
DEBUG util.py:463:   perl-Exporter                                        noarch                              5.78-511.el10                                         appstream                               31 k
DEBUG util.py:463:   perl-File-Basename                                   noarch                              2.86-512.2.el10_0                                     appstream                               17 k
DEBUG util.py:463:   perl-FindBin                                         noarch                              1.54-512.2.el10_0                                     appstream                               14 k
DEBUG util.py:463:   perl-Getopt-Long                                     noarch                              1:2.58-3.el10                                         appstream                               67 k
DEBUG util.py:463:   perl-Getopt-Std                                      noarch                              1.14-512.2.el10_0                                     appstream                               15 k
DEBUG util.py:463:   perl-IO                                              x86_64                              1.55-512.2.el10_0                                     appstream                               77 k
DEBUG util.py:463:   perl-IO-Socket-SSL                                   noarch                              2.085-3.el10                                          appstream                              229 k
DEBUG util.py:463:   perl-LDAP                                            noarch                              1:0.68-16.el10                                        appstream                              393 k
DEBUG util.py:463:   perl-MIME-Base64                                     x86_64                              3.16-511.el10                                         appstream                               30 k
DEBUG util.py:463:   perl-POSIX                                           x86_64                              2.20-512.2.el10_0                                     appstream                               96 k
DEBUG util.py:463:   perl-Time-Local                                      noarch                              2:1.350-511.el10                                      appstream                               34 k
DEBUG util.py:463:   perl-constant                                        noarch                              1.33-512.el10                                         appstream                               23 k
DEBUG util.py:463:   perl-generators                                      noarch                              1.16-7.el10                                           appstream                               16 k
DEBUG util.py:463:   perl-interpreter                                     x86_64                              4:5.40.2-512.2.el10_0                                 appstream                               72 k
DEBUG util.py:463:   perl-libs                                            x86_64                              4:5.40.2-512.2.el10_0                                 appstream                              2.2 M
DEBUG util.py:463:   perl-podlators                                       noarch                              1:5.01-511.el10                                       appstream                              127 k
DEBUG util.py:463:   perl-vars                                            noarch                              1.05-512.2.el10_0                                     appstream                               13 k
DEBUG util.py:463:  Installing dependencies:
DEBUG util.py:463:   groff-base                                           x86_64                              1.23.0-10.el10                                        baseos                                 1.1 M
DEBUG util.py:463:   mailcap                                              noarch                              2.1.54-8.el10                                         baseos                                  34 k
DEBUG util.py:463:   ncurses                                              x86_64                              6.4-15.20240127.el10_1                                baseos                                 413 k
DEBUG util.py:463:   perl-Authen-SASL                                     noarch                              2.1700-5.el10                                         appstream                               64 k
DEBUG util.py:463:   perl-AutoLoader                                      noarch                              5.74-512.2.el10_0                                     appstream                               21 k
DEBUG util.py:463:   perl-B                                               x86_64                              1.89-512.2.el10_0                                     appstream                              176 k
DEBUG util.py:463:   perl-Carp                                            noarch                              1.54-511.el10                                         appstream                               29 k
DEBUG util.py:463:   perl-Class-Struct                                    noarch                              0.68-512.2.el10_0                                     appstream                               22 k
DEBUG util.py:463:   perl-Clone                                           x86_64                              0.46-10.el10                                          appstream                               22 k
DEBUG util.py:463:   perl-Compress-Raw-Bzip2                              x86_64                              2.212-512.el10                                        appstream                               35 k
DEBUG util.py:463:   perl-Compress-Raw-Zlib                               x86_64                              2.212-512.el10                                        appstream                               64 k
DEBUG util.py:463:   perl-Convert-ASN1                                    noarch                              0.34-5.el10                                           appstream                               64 k
DEBUG util.py:463:   perl-Data-Dump                                       noarch                              1.25-13.el10                                          appstream                               32 k
DEBUG util.py:463:   perl-Data-Dumper                                     x86_64                              2.189-512.el10                                        appstream                               56 k
DEBUG util.py:463:   perl-Digest                                          noarch                              1.20-511.el10                                         appstream                               25 k
DEBUG util.py:463:   perl-Digest-HMAC                                     noarch                              1.04-12.el10                                          appstream                               22 k
DEBUG util.py:463:   perl-Digest-MD4                                      x86_64                              1.9-41.el10_0                                         epel                                    35 k
DEBUG util.py:463:   perl-DynaLoader                                      x86_64                              1.56-512.2.el10_0                                     appstream                               26 k
DEBUG util.py:463:   perl-Encode-Locale                                   noarch                              1.05-31.el10                                          appstream                               18 k
DEBUG util.py:463:   perl-Errno                                           x86_64                              1.38-512.2.el10_0                                     appstream                               15 k
DEBUG util.py:463:   perl-Fcntl                                           x86_64                              1.18-512.2.el10_0                                     appstream                               29 k
DEBUG util.py:463:   perl-Fedora-VSP                                      noarch                              0.001-36.el10                                         appstream                               23 k
DEBUG util.py:463:   perl-File-Copy                                       noarch                              2.41-512.2.el10_0                                     appstream                               20 k
DEBUG util.py:463:   perl-File-Listing                                    noarch                              6.16-5.el10                                           appstream                               25 k
DEBUG util.py:463:   perl-File-Path                                       noarch                              2.18-511.el10                                         appstream                               35 k
DEBUG util.py:463:   perl-File-Temp                                       noarch                              1:0.231.100-512.el10                                  appstream                               59 k
DEBUG util.py:463:   perl-File-stat                                       noarch                              1.14-512.2.el10_0                                     appstream                               17 k
DEBUG util.py:463:   perl-FileHandle                                      noarch                              2.05-512.2.el10_0                                     appstream                               15 k
DEBUG util.py:463:   perl-GSSAPI                                          x86_64                              0.28-48.el10                                          appstream                               59 k
DEBUG util.py:463:   perl-HTML-Parser                                     x86_64                              3.82-3.el10                                           appstream                              126 k
DEBUG util.py:463:   perl-HTML-Tagset                                     noarch                              3.20-59.el10                                          appstream                               18 k
DEBUG util.py:463:   perl-HTTP-Cookies                                    noarch                              6.11-5.el10                                           appstream                               37 k
DEBUG util.py:463:   perl-HTTP-Date                                       noarch                              6.06-6.el10                                           appstream                               24 k
DEBUG util.py:463:   perl-HTTP-Message                                    noarch                              6.45-5.el10                                           appstream                              102 k
DEBUG util.py:463:   perl-HTTP-Negotiate                                  noarch                              6.01-40.el10                                          appstream                               19 k
DEBUG util.py:463:   perl-HTTP-Tiny                                       noarch                              0.088-512.el10                                        appstream                               56 k
DEBUG util.py:463:   perl-I18N-Langinfo                                   x86_64                              0.24-512.2.el10_0                                     appstream                               25 k
DEBUG util.py:463:   perl-IO-Compress                                     noarch                              2.212-512.el10                                        appstream                              307 k
DEBUG util.py:463:   perl-IO-HTML                                         noarch                              1.004-14.el10                                         appstream                               27 k
DEBUG util.py:463:   perl-IO-Socket-IP                                    noarch                              0.42-512.el10                                         appstream                               42 k
DEBUG util.py:463:   perl-IPC-Open3                                       noarch                              1.22-512.2.el10_0                                     appstream                               21 k
DEBUG util.py:463:   perl-JSON                                            noarch                              4.10-7.el10                                           appstream                               94 k
DEBUG util.py:463:   perl-LWP-MediaTypes                                  noarch                              6.04-19.el10                                          appstream                               33 k
DEBUG util.py:463:   perl-Math-BigInt                                     noarch                              1:2.0030.03-3.el10                                    appstream                              231 k
DEBUG util.py:463:   perl-Math-Complex                                    noarch                              1.62-512.2.el10_0                                     appstream                               46 k
DEBUG util.py:463:   perl-Module-Load                                     noarch                              1:0.36-511.el10                                       appstream                               17 k
DEBUG util.py:463:   perl-Mozilla-CA                                      noarch                              20231213-5.el10                                       appstream                               14 k
DEBUG util.py:463:   perl-NTLM                                            noarch                              1.09-41.el10                                          appstream                               22 k
DEBUG util.py:463:   perl-Net-HTTP                                        noarch                              6.23-6.el10                                           appstream                               39 k
DEBUG util.py:463:   perl-Net-SSLeay                                      x86_64                              1.94-8.el10                                           appstream                              356 k
DEBUG util.py:463:   perl-PathTools                                       x86_64                              3.91-512.el10                                         appstream                               88 k
DEBUG util.py:463:   perl-Pod-Escapes                                     noarch                              1:1.07-511.el10                                       appstream                               20 k
DEBUG util.py:463:   perl-Pod-Perldoc                                     noarch                              3.28.01-512.el10                                      appstream                               88 k
DEBUG util.py:463:   perl-Pod-Simple                                      noarch                              1:3.45-511.el10                                       appstream                              222 k
DEBUG util.py:463:   perl-Pod-Usage                                       noarch                              4:2.03-511.el10                                       appstream                               40 k
DEBUG util.py:463:   perl-Scalar-List-Utils                               x86_64                              5:1.63-511.el10                                       appstream                               72 k
DEBUG util.py:463:   perl-SelectSaver                                     noarch                              1.02-512.2.el10_0                                     appstream                               11 k
DEBUG util.py:463:   perl-Socket                                          x86_64                              4:2.038-511.el10                                      appstream                               54 k
DEBUG util.py:463:   perl-Storable                                        x86_64                              1:3.32-511.el10                                       appstream                               98 k
DEBUG util.py:463:   perl-Symbol                                          noarch                              1.09-512.2.el10_0                                     appstream                               14 k
DEBUG util.py:463:   perl-Term-ANSIColor                                  noarch                              5.01-512.el10                                         appstream                               48 k
DEBUG util.py:463:   perl-Term-Cap                                        noarch                              1.18-511.el10                                         appstream                               22 k
DEBUG util.py:463:   perl-Text-ParseWords                                 noarch                              3.31-511.el10                                         appstream                               16 k
DEBUG util.py:463:   perl-Text-Soundex                                    x86_64                              3.05-33.el10                                          appstream                               30 k
DEBUG util.py:463:   perl-Text-Tabs+Wrap                                  noarch                              2024.001-511.el10                                     appstream                               22 k
DEBUG util.py:463:   perl-Text-Unidecode                                  noarch                              1.30-27.el10                                          appstream                              198 k
DEBUG util.py:463:   perl-Tie                                             noarch                              4.6-512.2.el10_0                                      appstream                               27 k
DEBUG util.py:463:   perl-TimeDate                                        noarch                              1:2.33-16.el10                                        appstream                               61 k
DEBUG util.py:463:   perl-Try-Tiny                                        noarch                              0.31-12.el10                                          appstream                               43 k
DEBUG util.py:463:   perl-URI                                             noarch                              5.27-3.el10                                           appstream                              137 k
DEBUG util.py:463:   perl-WWW-RobotRules                                  noarch                              6.02-41.el10                                          appstream                               19 k
DEBUG util.py:463:   perl-base                                            noarch                              2.27-512.2.el10_0                                     appstream                               16 k
DEBUG util.py:463:   perl-deprecate                                       noarch                              0.04-512.2.el10_0                                     appstream                               14 k
DEBUG util.py:463:   perl-if                                              noarch                              0.61.000-512.2.el10_0                                 appstream                               14 k
DEBUG util.py:463:   perl-libnet                                          noarch                              3.15-512.el10                                         appstream                              130 k
DEBUG util.py:463:   perl-libwww-perl                                     noarch                              6.76-3.el10                                           appstream                              210 k
DEBUG util.py:463:   perl-locale                                          noarch                              1.12-512.2.el10_0                                     appstream                               13 k
DEBUG util.py:463:   perl-macros                                          noarch                              4:5.40.2-512.2.el10_0                                 appstream                               12 k
DEBUG util.py:463:   perl-mro                                             x86_64                              1.29-512.2.el10_0                                     appstream                               30 k
DEBUG util.py:463:   perl-overload                                        noarch                              1.37-512.2.el10_0                                     appstream                               45 k
DEBUG util.py:463:   perl-overloading                                     noarch                              0.02-512.2.el10_0                                     appstream                               13 k
DEBUG util.py:463:   perl-parent                                          noarch                              1:0.241-512.el10                                      appstream                               15 k
DEBUG util.py:463:   perl-subs                                            noarch                              1.04-512.2.el10_0                                     appstream                               11 k
DEBUG util.py:463:  Transaction Summary
DEBUG util.py:463:  =============================================================================================================================================================================================
DEBUG util.py:463:  Install  107 Packages
DEBUG util.py:463:  Total size: 12 M
DEBUG util.py:463:  Total download size: 3.8 M
DEBUG util.py:463:  Installed size: 36 M
DEBUG util.py:463:  Downloading Packages:
DEBUG util.py:463:  [SKIPPED] groff-base-1.23.0-10.el10.x86_64.rpm: Already downloaded                                                                                                                          
DEBUG util.py:463:  [SKIPPED] make-4.4.1-9.el10.x86_64.rpm: Already downloaded                                                                                                                                  
DEBUG util.py:463:  [SKIPPED] ncurses-6.4-15.20240127.el10_1.x86_64.rpm: Already downloaded                                                                                                                     
DEBUG util.py:463:  [SKIPPED] perl-AutoLoader-5.74-512.2.el10_0.noarch.rpm: Already downloaded                                                                                                                  
DEBUG util.py:463:  [SKIPPED] perl-B-1.89-512.2.el10_0.x86_64.rpm: Already downloaded                                                                                                                           
DEBUG util.py:463:  [SKIPPED] perl-Carp-1.54-511.el10.noarch.rpm: Already downloaded                                                                                                                            
DEBUG util.py:463:  [SKIPPED] perl-Class-Struct-0.68-512.2.el10_0.noarch.rpm: Already downloaded                                                                                                                
DEBUG util.py:463:  [SKIPPED] perl-Data-Dumper-2.189-512.el10.x86_64.rpm: Already downloaded                                                                                                                    
DEBUG util.py:463:  [SKIPPED] perl-Digest-1.20-511.el10.noarch.rpm: Already downloaded                                                                                                                          
DEBUG util.py:463:  [SKIPPED] perl-Digest-MD5-2.59-6.el10.x86_64.rpm: Already downloaded                                                                                                                        
DEBUG util.py:463:  [SKIPPED] perl-DynaLoader-1.56-512.2.el10_0.x86_64.rpm: Already downloaded                                                                                                                  
DEBUG util.py:463:  [SKIPPED] perl-Encode-3.21-511.el10.x86_64.rpm: Already downloaded                                                                                                                          
DEBUG util.py:463:  [SKIPPED] perl-Errno-1.38-512.2.el10_0.x86_64.rpm: Already downloaded                                                                                                                       
DEBUG util.py:463:  [SKIPPED] perl-Exporter-5.78-511.el10.noarch.rpm: Already downloaded                                                                                                                        
DEBUG util.py:463:  [SKIPPED] perl-Fcntl-1.18-512.2.el10_0.x86_64.rpm: Already downloaded                                                                                                                       
DEBUG util.py:463:  [SKIPPED] perl-Fedora-VSP-0.001-36.el10.noarch.rpm: Already downloaded                                                                                                                      
DEBUG util.py:463:  [SKIPPED] perl-File-Basename-2.86-512.2.el10_0.noarch.rpm: Already downloaded                                                                                                               
DEBUG util.py:463:  [SKIPPED] perl-File-Copy-2.41-512.2.el10_0.noarch.rpm: Already downloaded                                                                                                                   
DEBUG util.py:463:  [SKIPPED] perl-File-Path-2.18-511.el10.noarch.rpm: Already downloaded                                                                                                                       
DEBUG util.py:463:  [SKIPPED] perl-File-Temp-0.231.100-512.el10.noarch.rpm: Already downloaded                                                                                                                  
DEBUG util.py:463:  [SKIPPED] perl-File-stat-1.14-512.2.el10_0.noarch.rpm: Already downloaded                                                                                                                   
DEBUG util.py:463:  [SKIPPED] perl-FileHandle-2.05-512.2.el10_0.noarch.rpm: Already downloaded                                                                                                                  
DEBUG util.py:463:  [SKIPPED] perl-Getopt-Long-2.58-3.el10.noarch.rpm: Already downloaded                                                                                                                       
DEBUG util.py:463:  [SKIPPED] perl-Getopt-Std-1.14-512.2.el10_0.noarch.rpm: Already downloaded                                                                                                                  
DEBUG util.py:463:  [SKIPPED] perl-HTTP-Tiny-0.088-512.el10.noarch.rpm: Already downloaded                                                                                                                      
DEBUG util.py:463:  [SKIPPED] perl-IO-1.55-512.2.el10_0.x86_64.rpm: Already downloaded                                                                                                                          
DEBUG util.py:463:  [SKIPPED] perl-IO-Socket-IP-0.42-512.el10.noarch.rpm: Already downloaded                                                                                                                    
DEBUG util.py:463:  [SKIPPED] perl-IO-Socket-SSL-2.085-3.el10.noarch.rpm: Already downloaded                                                                                                                    
DEBUG util.py:463:  [SKIPPED] perl-IPC-Open3-1.22-512.2.el10_0.noarch.rpm: Already downloaded                                                                                                                   
DEBUG util.py:463:  [SKIPPED] perl-MIME-Base64-3.16-511.el10.x86_64.rpm: Already downloaded                                                                                                                     
DEBUG util.py:463:  [SKIPPED] perl-Mozilla-CA-20231213-5.el10.noarch.rpm: Already downloaded                                                                                                                    
DEBUG util.py:463:  [SKIPPED] perl-Net-SSLeay-1.94-8.el10.x86_64.rpm: Already downloaded                                                                                                                        
DEBUG util.py:463:  [SKIPPED] perl-POSIX-2.20-512.2.el10_0.x86_64.rpm: Already downloaded                                                                                                                       
DEBUG util.py:463:  [SKIPPED] perl-PathTools-3.91-512.el10.x86_64.rpm: Already downloaded                                                                                                                       
DEBUG util.py:463:  [SKIPPED] perl-Pod-Escapes-1.07-511.el10.noarch.rpm: Already downloaded                                                                                                                     
DEBUG util.py:463:  [SKIPPED] perl-Pod-Perldoc-3.28.01-512.el10.noarch.rpm: Already downloaded                                                                                                                  
DEBUG util.py:463:  [SKIPPED] perl-Pod-Simple-3.45-511.el10.noarch.rpm: Already downloaded                                                                                                                      
DEBUG util.py:463:  [SKIPPED] perl-Pod-Usage-2.03-511.el10.noarch.rpm: Already downloaded                                                                                                                       
DEBUG util.py:463:  [SKIPPED] perl-Scalar-List-Utils-1.63-511.el10.x86_64.rpm: Already downloaded                                                                                                               
DEBUG util.py:463:  [SKIPPED] perl-SelectSaver-1.02-512.2.el10_0.noarch.rpm: Already downloaded                                                                                                                 
DEBUG util.py:463:  [SKIPPED] perl-Socket-2.038-511.el10.x86_64.rpm: Already downloaded                                                                                                                         
DEBUG util.py:463:  [SKIPPED] perl-Storable-3.32-511.el10.x86_64.rpm: Already downloaded                                                                                                                        
DEBUG util.py:463:  [SKIPPED] perl-Symbol-1.09-512.2.el10_0.noarch.rpm: Already downloaded                                                                                                                      
DEBUG util.py:463:  [SKIPPED] perl-Term-ANSIColor-5.01-512.el10.noarch.rpm: Already downloaded                                                                                                                  
DEBUG util.py:463:  [SKIPPED] perl-Term-Cap-1.18-511.el10.noarch.rpm: Already downloaded                                                                                                                        
DEBUG util.py:463:  [SKIPPED] perl-Text-ParseWords-3.31-511.el10.noarch.rpm: Already downloaded                                                                                                                 
DEBUG util.py:463:  [SKIPPED] perl-Text-Tabs+Wrap-2024.001-511.el10.noarch.rpm: Already downloaded                                                                                                              
DEBUG util.py:463:  [SKIPPED] perl-Time-Local-1.350-511.el10.noarch.rpm: Already downloaded                                                                                                                     
DEBUG util.py:463:  [SKIPPED] perl-URI-5.27-3.el10.noarch.rpm: Already downloaded                                                                                                                               
DEBUG util.py:463:  [SKIPPED] perl-base-2.27-512.2.el10_0.noarch.rpm: Already downloaded                                                                                                                        
DEBUG util.py:463:  [SKIPPED] perl-constant-1.33-512.el10.noarch.rpm: Already downloaded                                                                                                                        
DEBUG util.py:463:  [SKIPPED] perl-generators-1.16-7.el10.noarch.rpm: Already downloaded                                                                                                                        
DEBUG util.py:463:  [SKIPPED] perl-if-0.61.000-512.2.el10_0.noarch.rpm: Already downloaded                                                                                                                      
DEBUG util.py:463:  [SKIPPED] perl-interpreter-5.40.2-512.2.el10_0.x86_64.rpm: Already downloaded                                                                                                               
DEBUG util.py:463:  [SKIPPED] perl-libnet-3.15-512.el10.noarch.rpm: Already downloaded                                                                                                                          
DEBUG util.py:463:  [SKIPPED] perl-libs-5.40.2-512.2.el10_0.x86_64.rpm: Already downloaded                                                                                                                      
DEBUG util.py:463:  [SKIPPED] perl-locale-1.12-512.2.el10_0.noarch.rpm: Already downloaded                                                                                                                      
DEBUG util.py:463:  [SKIPPED] perl-macros-5.40.2-512.2.el10_0.noarch.rpm: Already downloaded                                                                                                                    
DEBUG util.py:463:  [SKIPPED] perl-mro-1.29-512.2.el10_0.x86_64.rpm: Already downloaded                                                                                                                         
DEBUG util.py:463:  [SKIPPED] perl-overload-1.37-512.2.el10_0.noarch.rpm: Already downloaded                                                                                                                    
DEBUG util.py:463:  [SKIPPED] perl-overloading-0.02-512.2.el10_0.noarch.rpm: Already downloaded                                                                                                                 
DEBUG util.py:463:  [SKIPPED] perl-parent-0.241-512.el10.noarch.rpm: Already downloaded                                                                                                                         
DEBUG util.py:463:  [SKIPPED] perl-podlators-5.01-511.el10.noarch.rpm: Already downloaded                                                                                                                       
DEBUG util.py:463:  [SKIPPED] perl-vars-1.05-512.2.el10_0.noarch.rpm: Already downloaded                                                                                                                        
DEBUG util.py:463:  [SKIPPED] perl-Digest-MD4-1.9-41.el10_0.x86_64.rpm: Already downloaded                                                                                                                      
DEBUG util.py:463:  (66/106): mailcap-2.1.54-8.el10.noarch.rpm                                                                                                                   247 kB/s |  34 kB     00:00    
DEBUG util.py:463:  (67/106): perl-Authen-SASL-2.1700-5.el10.noarch.rpm                                                                                                          347 kB/s |  64 kB     00:00    
DEBUG util.py:463:  (68/106): perl-Clone-0.46-10.el10.x86_64.rpm                                                                                                                 383 kB/s |  22 kB     00:00    
DEBUG util.py:463:  (69/106): perl-Compress-Raw-Bzip2-2.212-512.el10.x86_64.rpm                                                                                                  542 kB/s |  35 kB     00:00    
DEBUG util.py:463:  (70/106): perl-Compress-Raw-Zlib-2.212-512.el10.x86_64.rpm                                                                                                   677 kB/s |  64 kB     00:00    
DEBUG util.py:463:  (71/106): perl-Convert-ASN1-0.34-5.el10.noarch.rpm                                                                                                           658 kB/s |  64 kB     00:00    
DEBUG util.py:463:  (72/106): perl-Data-Dump-1.25-13.el10.noarch.rpm                                                                                                             356 kB/s |  32 kB     00:00    
DEBUG util.py:463:  (73/106): perl-Digest-HMAC-1.04-12.el10.noarch.rpm                                                                                                           358 kB/s |  22 kB     00:00    
DEBUG util.py:463:  (74/106): perl-Encode-Locale-1.05-31.el10.noarch.rpm                                                                                                         349 kB/s |  18 kB     00:00    
DEBUG util.py:463:  (75/106): perl-Digest-SHA-6.04-512.el10.x86_64.rpm                                                                                                           689 kB/s |  62 kB     00:00    
DEBUG util.py:463:  (76/106): perl-English-1.11-512.2.el10_0.noarch.rpm                                                                                                          215 kB/s |  13 kB     00:00    
DEBUG util.py:463:  (77/106): perl-File-Listing-6.16-5.el10.noarch.rpm                                                                                                           432 kB/s |  25 kB     00:00    
DEBUG util.py:463:  (78/106): perl-FindBin-1.54-512.2.el10_0.noarch.rpm                                                                                                          249 kB/s |  14 kB     00:00    
DEBUG util.py:463:  (79/106): perl-GSSAPI-0.28-48.el10.x86_64.rpm                                                                                                                568 kB/s |  59 kB     00:00    
DEBUG util.py:463:  (80/106): perl-HTML-Tagset-3.20-59.el10.noarch.rpm                                                                                                           300 kB/s |  18 kB     00:00    
DEBUG util.py:463:  (81/106): perl-HTML-Parser-3.82-3.el10.x86_64.rpm                                                                                                            890 kB/s | 126 kB     00:00    
DEBUG util.py:463:  (82/106): perl-HTTP-Cookies-6.11-5.el10.noarch.rpm                                                                                                           692 kB/s |  37 kB     00:00    
DEBUG util.py:463:  (83/106): perl-HTTP-Date-6.06-6.el10.noarch.rpm                                                                                                              500 kB/s |  24 kB     00:00    
DEBUG util.py:463:  (84/106): openssl-3.5.1-7.el10_1.alma.1.x86_64.rpm                                                                                                           1.4 MB/s | 1.2 MB     00:00    
DEBUG util.py:463:  (85/106): perl-HTTP-Negotiate-6.01-40.el10.noarch.rpm                                                                                                        289 kB/s |  19 kB     00:00    
DEBUG util.py:463:  (86/106): perl-HTTP-Message-6.45-5.el10.noarch.rpm                                                                                                           793 kB/s | 102 kB     00:00    
DEBUG util.py:463:  (87/106): perl-I18N-Langinfo-0.24-512.2.el10_0.x86_64.rpm                                                                                                    457 kB/s |  25 kB     00:00    
DEBUG util.py:463:  (88/106): perl-IO-HTML-1.004-14.el10.noarch.rpm                                                                                                              632 kB/s |  27 kB     00:00    
DEBUG util.py:463:  (89/106): perl-IO-Compress-2.212-512.el10.noarch.rpm                                                                                                         2.1 MB/s | 307 kB     00:00    
DEBUG util.py:463:  (90/106): perl-JSON-4.10-7.el10.noarch.rpm                                                                                                                   743 kB/s |  94 kB     00:00    
DEBUG util.py:463:  (91/106): perl-LWP-MediaTypes-6.04-19.el10.noarch.rpm                                                                                                        456 kB/s |  33 kB     00:00    
DEBUG util.py:463:  (92/106): perl-Math-Complex-1.62-512.2.el10_0.noarch.rpm                                                                                                     817 kB/s |  46 kB     00:00    
DEBUG util.py:463:  (93/106): perl-Module-Load-0.36-511.el10.noarch.rpm                                                                                                          330 kB/s |  17 kB     00:00    
DEBUG util.py:463:  (94/106): perl-Math-BigInt-2.0030.03-3.el10.noarch.rpm                                                                                                       1.3 MB/s | 231 kB     00:00    
DEBUG util.py:463:  (95/106): perl-LDAP-0.68-16.el10.noarch.rpm                                                                                                                  1.3 MB/s | 393 kB     00:00    
DEBUG util.py:463:  (96/106): perl-NTLM-1.09-41.el10.noarch.rpm                                                                                                                  384 kB/s |  22 kB     00:00    
DEBUG util.py:463:  (97/106): perl-Net-HTTP-6.23-6.el10.noarch.rpm                                                                                                               857 kB/s |  39 kB     00:00    
DEBUG util.py:463:  (98/106): perl-Text-Soundex-3.05-33.el10.x86_64.rpm                                                                                                          543 kB/s |  30 kB     00:00    
DEBUG util.py:463:  (99/106): perl-Tie-4.6-512.2.el10_0.noarch.rpm                                                                                                               506 kB/s |  27 kB     00:00    
DEBUG util.py:463:  (100/106): perl-Text-Unidecode-1.30-27.el10.noarch.rpm                                                                                                       1.7 MB/s | 198 kB     00:00    
DEBUG util.py:463:  (101/106): perl-TimeDate-2.33-16.el10.noarch.rpm                                                                                                             914 kB/s |  61 kB     00:00    
DEBUG util.py:463:  (102/106): perl-Try-Tiny-0.31-12.el10.noarch.rpm                                                                                                             758 kB/s |  43 kB     00:00    
DEBUG util.py:463:  (103/106): perl-WWW-RobotRules-6.02-41.el10.noarch.rpm                                                                                                       384 kB/s |  19 kB     00:00    
DEBUG util.py:463:  (104/106): perl-deprecate-0.04-512.2.el10_0.noarch.rpm                                                                                                       243 kB/s |  14 kB     00:00    
DEBUG util.py:463:  (105/106): perl-subs-1.04-512.2.el10_0.noarch.rpm                                                                                                            230 kB/s |  11 kB     00:00    
DEBUG util.py:463:  (106/106): perl-libwww-perl-6.76-3.el10.noarch.rpm                                                                                                           1.3 MB/s | 210 kB     00:00    
DEBUG util.py:463:  ---------------------------------------------------------------------------------------------------------------------------------------------------------------------------------------------
DEBUG util.py:463:  Total                                                                                                                                                        1.1 MB/s | 3.8 MB     00:03     
DEBUG util.py:463:  Running transaction check
DEBUG util.py:463:  Transaction check succeeded.
DEBUG util.py:463:  Running transaction test
DEBUG util.py:463:  Transaction test succeeded.
DEBUG util.py:463:  Running transaction
DEBUG util.py:463:    Preparing        :                                                                                                                                                                     1/1 
DEBUG util.py:463:    Installing       : ncurses-6.4-15.20240127.el10_1.x86_64                                                                                                                             1/107 
DEBUG util.py:463:    Installing       : mailcap-2.1.54-8.el10.noarch                                                                                                                                      2/107 
DEBUG util.py:463:    Running scriptlet: groff-base-1.23.0-10.el10.x86_64                                                                                                                                  3/107 
DEBUG util.py:463:    Installing       : groff-base-1.23.0-10.el10.x86_64                                                                                                                                  3/107 
DEBUG util.py:463:    Running scriptlet: groff-base-1.23.0-10.el10.x86_64                                                                                                                                  3/107 
DEBUG util.py:463:    Installing       : perl-Digest-SHA-1:6.04-512.el10.x86_64                                                                                                                            4/107 
DEBUG util.py:463:    Installing       : perl-Digest-1.20-511.el10.noarch                                                                                                                                  5/107 
DEBUG util.py:463:    Installing       : perl-Tie-4.6-512.2.el10_0.noarch                                                                                                                                  6/107 
DEBUG util.py:463:    Installing       : perl-GSSAPI-0.28-48.el10.x86_64                                                                                                                                   7/107 
DEBUG util.py:463:    Installing       : perl-Digest-HMAC-1.04-12.el10.noarch                                                                                                                              8/107 
DEBUG util.py:463:    Installing       : perl-Digest-MD5-2.59-6.el10.x86_64                                                                                                                                9/107 
DEBUG util.py:463:    Installing       : perl-B-1.89-512.2.el10_0.x86_64                                                                                                                                  10/107 
DEBUG util.py:463:    Installing       : perl-FileHandle-2.05-512.2.el10_0.noarch                                                                                                                         11/107 
DEBUG util.py:463:    Installing       : perl-Authen-SASL-2.1700-5.el10.noarch                                                                                                                            12/107 
DEBUG util.py:463:    Installing       : perl-Data-Dumper-2.189-512.el10.x86_64                                                                                                                           13/107 
DEBUG util.py:463:    Installing       : perl-libnet-3.15-512.el10.noarch                                                                                                                                 14/107 
DEBUG util.py:463:    Installing       : perl-AutoLoader-5.74-512.2.el10_0.noarch                                                                                                                         15/107 
DEBUG util.py:463:    Installing       : perl-URI-5.27-3.el10.noarch                                                                                                                                      16/107 
DEBUG util.py:463:    Installing       : perl-Text-Tabs+Wrap-2024.001-511.el10.noarch                                                                                                                     17/107 
DEBUG util.py:463:    Installing       : perl-Mozilla-CA-20231213-5.el10.noarch                                                                                                                           18/107 
DEBUG util.py:463:    Installing       : perl-if-0.61.000-512.2.el10_0.noarch                                                                                                                             19/107 
DEBUG util.py:463:    Installing       : perl-locale-1.12-512.2.el10_0.noarch                                                                                                                             20/107 
DEBUG util.py:463:    Installing       : perl-IO-Socket-IP-0.42-512.el10.noarch                                                                                                                           21/107 
DEBUG util.py:463:    Installing       : perl-Time-Local-2:1.350-511.el10.noarch                                                                                                                          22/107 
DEBUG util.py:463:    Installing       : perl-File-Path-2.18-511.el10.noarch                                                                                                                              23/107 
DEBUG util.py:463:    Installing       : perl-IO-Socket-SSL-2.085-3.el10.noarch                                                                                                                           24/107 
DEBUG util.py:463:    Installing       : perl-Net-SSLeay-1.94-8.el10.x86_64                                                                                                                               25/107 
DEBUG util.py:463:    Installing       : perl-Pod-Escapes-1:1.07-511.el10.noarch                                                                                                                          26/107 
DEBUG util.py:463:    Installing       : perl-Class-Struct-0.68-512.2.el10_0.noarch                                                                                                                       27/107 
DEBUG util.py:463:    Installing       : perl-Term-ANSIColor-5.01-512.el10.noarch                                                                                                                         28/107 
DEBUG util.py:463:    Installing       : perl-POSIX-2.20-512.2.el10_0.x86_64                                                                                                                              29/107 
DEBUG util.py:463:    Installing       : perl-IPC-Open3-1.22-512.2.el10_0.noarch                                                                                                                          30/107 
DEBUG util.py:463:    Installing       : perl-File-Temp-1:0.231.100-512.el10.noarch                                                                                                                       31/107 
DEBUG util.py:463:    Installing       : perl-HTTP-Tiny-0.088-512.el10.noarch                                                                                                                             32/107 
DEBUG util.py:463:    Installing       : perl-Term-Cap-1.18-511.el10.noarch                                                                                                                               33/107 
DEBUG util.py:463:    Installing       : perl-Pod-Simple-1:3.45-511.el10.noarch                                                                                                                           34/107 
DEBUG util.py:463:    Installing       : perl-Socket-4:2.038-511.el10.x86_64                                                                                                                              35/107 
DEBUG util.py:463:    Installing       : perl-SelectSaver-1.02-512.2.el10_0.noarch                                                                                                                        36/107 
DEBUG util.py:463:    Installing       : perl-Symbol-1.09-512.2.el10_0.noarch                                                                                                                             37/107 
DEBUG util.py:463:    Installing       : perl-File-stat-1.14-512.2.el10_0.noarch                                                                                                                          38/107 
DEBUG util.py:463:    Installing       : perl-podlators-1:5.01-511.el10.noarch                                                                                                                            39/107 
DEBUG util.py:463:    Installing       : perl-Pod-Perldoc-3.28.01-512.el10.noarch                                                                                                                         40/107 
DEBUG util.py:463:    Installing       : perl-Fcntl-1.18-512.2.el10_0.x86_64                                                                                                                              41/107 
DEBUG util.py:463:    Installing       : perl-Text-ParseWords-3.31-511.el10.noarch                                                                                                                        42/107 
DEBUG util.py:463:    Installing       : perl-base-2.27-512.2.el10_0.noarch                                                                                                                               43/107 
DEBUG util.py:463:    Installing       : perl-mro-1.29-512.2.el10_0.x86_64                                                                                                                                44/107 
DEBUG util.py:463:    Installing       : perl-IO-1.55-512.2.el10_0.x86_64                                                                                                                                 45/107 
DEBUG util.py:463:    Installing       : perl-overloading-0.02-512.2.el10_0.noarch                                                                                                                        46/107 
DEBUG util.py:463:    Installing       : perl-Pod-Usage-4:2.03-511.el10.noarch                                                                                                                            47/107 
DEBUG util.py:463:    Installing       : perl-Errno-1.38-512.2.el10_0.x86_64                                                                                                                              48/107 
DEBUG util.py:463:    Installing       : perl-File-Basename-2.86-512.2.el10_0.noarch                                                                                                                      49/107 
DEBUG util.py:463:    Installing       : perl-Getopt-Std-1.14-512.2.el10_0.noarch                                                                                                                         50/107 
DEBUG util.py:463:    Installing       : perl-MIME-Base64-3.16-511.el10.x86_64                                                                                                                            51/107 
DEBUG util.py:463:    Installing       : perl-Scalar-List-Utils-5:1.63-511.el10.x86_64                                                                                                                    52/107 
DEBUG util.py:463:    Installing       : perl-constant-1.33-512.el10.noarch                                                                                                                               53/107 
DEBUG util.py:463:    Installing       : perl-Storable-1:3.32-511.el10.x86_64                                                                                                                             54/107 
DEBUG util.py:463:    Installing       : perl-overload-1.37-512.2.el10_0.noarch                                                                                                                           55/107 
DEBUG util.py:463:    Installing       : perl-parent-1:0.241-512.el10.noarch                                                                                                                              56/107 
DEBUG util.py:463:    Installing       : perl-vars-1.05-512.2.el10_0.noarch                                                                                                                               57/107 
DEBUG util.py:463:    Installing       : perl-Getopt-Long-1:2.58-3.el10.noarch                                                                                                                            58/107 
DEBUG util.py:463:    Installing       : perl-Carp-1.54-511.el10.noarch                                                                                                                                   59/107 
DEBUG util.py:463:    Installing       : perl-Exporter-5.78-511.el10.noarch                                                                                                                               60/107 
DEBUG util.py:463:    Installing       : perl-PathTools-3.91-512.el10.x86_64                                                                                                                              61/107 
DEBUG util.py:463:    Installing       : perl-DynaLoader-1.56-512.2.el10_0.x86_64                                                                                                                         62/107 
DEBUG util.py:463:    Installing       : perl-Encode-4:3.21-511.el10.x86_64                                                                                                                               63/107 
DEBUG util.py:463:    Installing       : perl-libs-4:5.40.2-512.2.el10_0.x86_64                                                                                                                           64/107 
DEBUG util.py:463:    Installing       : perl-interpreter-4:5.40.2-512.2.el10_0.x86_64                                                                                                                    65/107 
DEBUG util.py:463:    Installing       : perl-Compress-Raw-Zlib-2.212-512.el10.x86_64                                                                                                                     66/107 
DEBUG util.py:463:    Installing       : perl-LWP-MediaTypes-6.04-19.el10.noarch                                                                                                                          67/107 
DEBUG util.py:463:    Installing       : perl-macros-4:5.40.2-512.2.el10_0.noarch                                                                                                                         68/107 
DEBUG util.py:463:    Installing       : perl-Clone-0.46-10.el10.x86_64                                                                                                                                   69/107 
DEBUG util.py:463:    Installing       : perl-Compress-Raw-Bzip2-2.212-512.el10.x86_64                                                                                                                    70/107 
DEBUG util.py:463:    Installing       : perl-IO-Compress-2.212-512.el10.noarch                                                                                                                           71/107 
DEBUG util.py:463:    Installing       : perl-Net-HTTP-6.23-6.el10.noarch                                                                                                                                 72/107 
DEBUG util.py:463:    Installing       : perl-Convert-ASN1-0.34-5.el10.noarch                                                                                                                             73/107 
DEBUG util.py:463:    Installing       : perl-Fedora-VSP-0.001-36.el10.noarch                                                                                                                             74/107 
DEBUG util.py:463:    Installing       : perl-File-Copy-2.41-512.2.el10_0.noarch                                                                                                                          75/107 
DEBUG util.py:463:    Installing       : perl-HTML-Tagset-3.20-59.el10.noarch                                                                                                                             76/107 
DEBUG util.py:463:    Installing       : perl-I18N-Langinfo-0.24-512.2.el10_0.x86_64                                                                                                                      77/107 
DEBUG util.py:463:    Installing       : perl-Encode-Locale-1.05-31.el10.noarch                                                                                                                           78/107 
DEBUG util.py:463:    Installing       : perl-IO-HTML-1.004-14.el10.noarch                                                                                                                                79/107 
DEBUG util.py:463:    Installing       : perl-Math-Complex-1.62-512.2.el10_0.noarch                                                                                                                       80/107 
DEBUG util.py:463:    Installing       : perl-Math-BigInt-1:2.0030.03-3.el10.noarch                                                                                                                       81/107 
DEBUG util.py:463:    Installing       : perl-JSON-4.10-7.el10.noarch                                                                                                                                     82/107 
DEBUG util.py:463:    Installing       : perl-Module-Load-1:0.36-511.el10.noarch                                                                                                                          83/107 
DEBUG util.py:463:    Installing       : perl-NTLM-1.09-41.el10.noarch                                                                                                                                    84/107 
DEBUG util.py:463:    Installing       : perl-Text-Unidecode-1.30-27.el10.noarch                                                                                                                          85/107 
DEBUG util.py:463:    Installing       : perl-TimeDate-1:2.33-16.el10.noarch                                                                                                                              86/107 
DEBUG util.py:463:    Installing       : perl-HTTP-Date-6.06-6.el10.noarch                                                                                                                                87/107 
DEBUG util.py:463:    Installing       : perl-HTTP-Message-6.45-5.el10.noarch                                                                                                                             88/107 
DEBUG util.py:463:    Installing       : perl-HTTP-Negotiate-6.01-40.el10.noarch                                                                                                                          89/107 
DEBUG util.py:463:    Installing       : perl-HTML-Parser-3.82-3.el10.x86_64                                                                                                                              90/107 
DEBUG util.py:463:    Installing       : perl-HTTP-Cookies-6.11-5.el10.noarch                                                                                                                             91/107 
DEBUG util.py:463:    Installing       : perl-File-Listing-6.16-5.el10.noarch                                                                                                                             92/107 
DEBUG util.py:463:    Installing       : perl-Try-Tiny-0.31-12.el10.noarch                                                                                                                                93/107 
DEBUG util.py:463:    Installing       : perl-WWW-RobotRules-6.02-41.el10.noarch                                                                                                                          94/107 
DEBUG util.py:463:    Installing       : perl-deprecate-0.04-512.2.el10_0.noarch                                                                                                                          95/107 
DEBUG util.py:463:    Installing       : perl-Text-Soundex-3.05-33.el10.x86_64                                                                                                                            96/107 
DEBUG util.py:463:    Installing       : perl-subs-1.04-512.2.el10_0.noarch                                                                                                                               97/107 
DEBUG util.py:463:    Installing       : perl-Data-Dump-1.25-13.el10.noarch                                                                                                                               98/107 
DEBUG util.py:463:    Installing       : perl-libwww-perl-6.76-3.el10.noarch                                                                                                                              99/107 
DEBUG util.py:463:    Installing       : perl-Digest-MD4-1.9-41.el10_0.x86_64                                                                                                                            100/107 
DEBUG util.py:463:    Installing       : perl-Crypt-SmbHash-0.12-48.el10.noarch                                                                                                                          101/107 
DEBUG util.py:463:    Installing       : perl-LDAP-1:0.68-16.el10.noarch                                                                                                                                 102/107 
DEBUG util.py:463:    Installing       : perl-generators-1.16-7.el10.noarch                                                                                                                              103/107 
DEBUG util.py:463:    Installing       : perl-English-1.11-512.2.el10_0.noarch                                                                                                                           104/107 
DEBUG util.py:463:    Installing       : perl-FindBin-1.54-512.2.el10_0.noarch                                                                                                                           105/107 
DEBUG util.py:463:    Installing       : openssl-1:3.5.1-7.el10_1.alma.1.x86_64                                                                                                                          106/107 
DEBUG util.py:463:    Installing       : make-1:4.4.1-9.el10.x86_64                                                                                                                                      107/107 
DEBUG util.py:463:    Running scriptlet: make-1:4.4.1-9.el10.x86_64                                                                                                                                      107/107 
DEBUG util.py:463:  Installed:
DEBUG util.py:463:    groff-base-1.23.0-10.el10.x86_64               mailcap-2.1.54-8.el10.noarch                  make-1:4.4.1-9.el10.x86_64                     ncurses-6.4-15.20240127.el10_1.x86_64         
DEBUG util.py:463:    openssl-1:3.5.1-7.el10_1.alma.1.x86_64         perl-Authen-SASL-2.1700-5.el10.noarch         perl-AutoLoader-5.74-512.2.el10_0.noarch       perl-B-1.89-512.2.el10_0.x86_64               
DEBUG util.py:463:    perl-Carp-1.54-511.el10.noarch                 perl-Class-Struct-0.68-512.2.el10_0.noarch    perl-Clone-0.46-10.el10.x86_64                 perl-Compress-Raw-Bzip2-2.212-512.el10.x86_64 
DEBUG util.py:463:    perl-Compress-Raw-Zlib-2.212-512.el10.x86_64   perl-Convert-ASN1-0.34-5.el10.noarch          perl-Crypt-SmbHash-0.12-48.el10.noarch         perl-Data-Dump-1.25-13.el10.noarch            
DEBUG util.py:463:    perl-Data-Dumper-2.189-512.el10.x86_64         perl-Digest-1.20-511.el10.noarch              perl-Digest-HMAC-1.04-12.el10.noarch           perl-Digest-MD4-1.9-41.el10_0.x86_64          
DEBUG util.py:463:    perl-Digest-MD5-2.59-6.el10.x86_64             perl-Digest-SHA-1:6.04-512.el10.x86_64        perl-DynaLoader-1.56-512.2.el10_0.x86_64       perl-Encode-4:3.21-511.el10.x86_64            
DEBUG util.py:463:    perl-Encode-Locale-1.05-31.el10.noarch         perl-English-1.11-512.2.el10_0.noarch         perl-Errno-1.38-512.2.el10_0.x86_64            perl-Exporter-5.78-511.el10.noarch            
DEBUG util.py:463:    perl-Fcntl-1.18-512.2.el10_0.x86_64            perl-Fedora-VSP-0.001-36.el10.noarch          perl-File-Basename-2.86-512.2.el10_0.noarch    perl-File-Copy-2.41-512.2.el10_0.noarch       
DEBUG util.py:463:    perl-File-Listing-6.16-5.el10.noarch           perl-File-Path-2.18-511.el10.noarch           perl-File-Temp-1:0.231.100-512.el10.noarch     perl-File-stat-1.14-512.2.el10_0.noarch       
DEBUG util.py:463:    perl-FileHandle-2.05-512.2.el10_0.noarch       perl-FindBin-1.54-512.2.el10_0.noarch         perl-GSSAPI-0.28-48.el10.x86_64                perl-Getopt-Long-1:2.58-3.el10.noarch         
DEBUG util.py:463:    perl-Getopt-Std-1.14-512.2.el10_0.noarch       perl-HTML-Parser-3.82-3.el10.x86_64           perl-HTML-Tagset-3.20-59.el10.noarch           perl-HTTP-Cookies-6.11-5.el10.noarch          
DEBUG util.py:463:    perl-HTTP-Date-6.06-6.el10.noarch              perl-HTTP-Message-6.45-5.el10.noarch          perl-HTTP-Negotiate-6.01-40.el10.noarch        perl-HTTP-Tiny-0.088-512.el10.noarch          
DEBUG util.py:463:    perl-I18N-Langinfo-0.24-512.2.el10_0.x86_64    perl-IO-1.55-512.2.el10_0.x86_64              perl-IO-Compress-2.212-512.el10.noarch         perl-IO-HTML-1.004-14.el10.noarch             
DEBUG util.py:463:    perl-IO-Socket-IP-0.42-512.el10.noarch         perl-IO-Socket-SSL-2.085-3.el10.noarch        perl-IPC-Open3-1.22-512.2.el10_0.noarch        perl-JSON-4.10-7.el10.noarch                  
DEBUG util.py:463:    perl-LDAP-1:0.68-16.el10.noarch                perl-LWP-MediaTypes-6.04-19.el10.noarch       perl-MIME-Base64-3.16-511.el10.x86_64          perl-Math-BigInt-1:2.0030.03-3.el10.noarch    
DEBUG util.py:463:    perl-Math-Complex-1.62-512.2.el10_0.noarch     perl-Module-Load-1:0.36-511.el10.noarch       perl-Mozilla-CA-20231213-5.el10.noarch         perl-NTLM-1.09-41.el10.noarch                 
DEBUG util.py:463:    perl-Net-HTTP-6.23-6.el10.noarch               perl-Net-SSLeay-1.94-8.el10.x86_64            perl-POSIX-2.20-512.2.el10_0.x86_64            perl-PathTools-3.91-512.el10.x86_64           
DEBUG util.py:463:    perl-Pod-Escapes-1:1.07-511.el10.noarch        perl-Pod-Perldoc-3.28.01-512.el10.noarch      perl-Pod-Simple-1:3.45-511.el10.noarch         perl-Pod-Usage-4:2.03-511.el10.noarch         
DEBUG util.py:463:    perl-Scalar-List-Utils-5:1.63-511.el10.x86_64  perl-SelectSaver-1.02-512.2.el10_0.noarch     perl-Socket-4:2.038-511.el10.x86_64            perl-Storable-1:3.32-511.el10.x86_64          
DEBUG util.py:463:    perl-Symbol-1.09-512.2.el10_0.noarch           perl-Term-ANSIColor-5.01-512.el10.noarch      perl-Term-Cap-1.18-511.el10.noarch             perl-Text-ParseWords-3.31-511.el10.noarch     
DEBUG util.py:463:    perl-Text-Soundex-3.05-33.el10.x86_64          perl-Text-Tabs+Wrap-2024.001-511.el10.noarch  perl-Text-Unidecode-1.30-27.el10.noarch        perl-Tie-4.6-512.2.el10_0.noarch              
DEBUG util.py:463:    perl-Time-Local-2:1.350-511.el10.noarch        perl-TimeDate-1:2.33-16.el10.noarch           perl-Try-Tiny-0.31-12.el10.noarch              perl-URI-5.27-3.el10.noarch                   
DEBUG util.py:463:    perl-WWW-RobotRules-6.02-41.el10.noarch        perl-base-2.27-512.2.el10_0.noarch            perl-constant-1.33-512.el10.noarch             perl-deprecate-0.04-512.2.el10_0.noarch       
DEBUG util.py:463:    perl-generators-1.16-7.el10.noarch             perl-if-0.61.000-512.2.el10_0.noarch          perl-interpreter-4:5.40.2-512.2.el10_0.x86_64  perl-libnet-3.15-512.el10.noarch              
DEBUG util.py:463:    perl-libs-4:5.40.2-512.2.el10_0.x86_64         perl-libwww-perl-6.76-3.el10.noarch           perl-locale-1.12-512.2.el10_0.noarch           perl-macros-4:5.40.2-512.2.el10_0.noarch      
DEBUG util.py:463:    perl-mro-1.29-512.2.el10_0.x86_64              perl-overload-1.37-512.2.el10_0.noarch        perl-overloading-0.02-512.2.el10_0.noarch      perl-parent-1:0.241-512.el10.noarch           
DEBUG util.py:463:    perl-podlators-1:5.01-511.el10.noarch          perl-subs-1.04-512.2.el10_0.noarch            perl-vars-1.05-512.2.el10_0.noarch            
DEBUG util.py:463:  Complete!
DEBUG util.py:610:  Child return code was: 0
DEBUG util.py:185:  kill orphans in chroot /var/lib/mock/alma+epel-10-x86_64/root
DEBUG util.py:185:  kill orphans in chroot /var/lib/mock/alma+epel-10-x86_64-bootstrap/root/var/lib/mock/alma+epel-10-x86_64/root
DEBUG util.py:636:  child environment: None
DEBUG util.py:558:  Executing command: ['/bin/umount', '-n', '-l', '/var/lib/mock/alma+epel-10-x86_64-bootstrap/root/var/lib/mock/alma+epel-10-x86_64/root'] with env {'TERM': 'vt100', 'SHELL': '/bin/sh', 'HOME': '/builddir', 'HOSTNAME': 'mock', 'PATH': '/usr/bin:/bin:/usr/sbin:/sbin', 'LANG': 'C.UTF-8'} and shell False
DEBUG util.py:610:  Child return code was: 0
DEBUG util.py:636:  child environment: None
DEBUG util.py:558:  Executing command: ['/bin/umount', '-n', '-l', '/var/lib/mock/alma+epel-10-x86_64-bootstrap/root/var/lib/mock/alma+epel-10-x86_64/root'] with env {'TERM': 'vt100', 'SHELL': '/bin/sh', 'HOME': '/builddir', 'HOSTNAME': 'mock', 'PATH': '/usr/bin:/bin:/usr/sbin:/sbin', 'LANG': 'C.UTF-8'} and shell False
DEBUG util.py:610:  Child return code was: 0
DEBUG util.py:636:  child environment: None
DEBUG util.py:558:  Executing command: ['/bin/umount', '-n', '-l', '/var/lib/mock/alma+epel-10-x86_64/root/sys/fs/selinux'] with env {'TERM': 'vt100', 'SHELL': '/bin/sh', 'HOME': '/builddir', 'HOSTNAME': 'mock', 'PATH': '/usr/bin:/bin:/usr/sbin:/sbin', 'LANG': 'C.UTF-8'} and shell False
DEBUG util.py:610:  Child return code was: 0
DEBUG util.py:636:  child environment: None
DEBUG util.py:558:  Executing command: ['/bin/umount', '-n', '/var/lib/mock/alma+epel-10-x86_64/root/proc/filesystems'] with env {'TERM': 'vt100', 'SHELL': '/bin/sh', 'HOME': '/builddir', 'HOSTNAME': 'mock', 'PATH': '/usr/bin:/bin:/usr/sbin:/sbin', 'LANG': 'C.UTF-8'} and shell False
DEBUG util.py:610:  Child return code was: 0
DEBUG util.py:636:  child environment: None
DEBUG util.py:558:  Executing command: ['/bin/umount', '-n', '-l', '/var/lib/mock/alma+epel-10-x86_64/root/dev/pts'] with env {'TERM': 'vt100', 'SHELL': '/bin/sh', 'HOME': '/builddir', 'HOSTNAME': 'mock', 'PATH': '/usr/bin:/bin:/usr/sbin:/sbin', 'LANG': 'C.UTF-8'} and shell False
DEBUG util.py:610:  Child return code was: 0
DEBUG util.py:636:  child environment: None
DEBUG util.py:558:  Executing command: ['/bin/umount', '-n', '-l', '/var/lib/mock/alma+epel-10-x86_64/root/dev/shm'] with env {'TERM': 'vt100', 'SHELL': '/bin/sh', 'HOME': '/builddir', 'HOSTNAME': 'mock', 'PATH': '/usr/bin:/bin:/usr/sbin:/sbin', 'LANG': 'C.UTF-8'} and shell False
DEBUG util.py:610:  Child return code was: 0
DEBUG util.py:636:  child environment: None
DEBUG util.py:558:  Executing command: ['/bin/umount', '-n', '-l', '/var/lib/mock/alma+epel-10-x86_64/root/sys'] with env {'TERM': 'vt100', 'SHELL': '/bin/sh', 'HOME': '/builddir', 'HOSTNAME': 'mock', 'PATH': '/usr/bin:/bin:/usr/sbin:/sbin', 'LANG': 'C.UTF-8'} and shell False
DEBUG util.py:610:  Child return code was: 0
DEBUG util.py:636:  child environment: None
DEBUG util.py:558:  Executing command: ['/bin/umount', '-n', '-l', '/var/lib/mock/alma+epel-10-x86_64/root/sys'] with env {'TERM': 'vt100', 'SHELL': '/bin/sh', 'HOME': '/builddir', 'HOSTNAME': 'mock', 'PATH': '/usr/bin:/bin:/usr/sbin:/sbin', 'LANG': 'C.UTF-8'} and shell False
DEBUG util.py:610:  Child return code was: 0
DEBUG util.py:636:  child environment: None
DEBUG util.py:558:  Executing command: ['/bin/umount', '-n', '-l', '/var/lib/mock/alma+epel-10-x86_64/root/proc'] with env {'TERM': 'vt100', 'SHELL': '/bin/sh', 'HOME': '/builddir', 'HOSTNAME': 'mock', 'PATH': '/usr/bin:/bin:/usr/sbin:/sbin', 'LANG': 'C.UTF-8'} and shell False
DEBUG util.py:610:  Child return code was: 0
DEBUG util.py:636:  child environment: None
DEBUG util.py:558:  Executing command: ['/bin/umount', '-n', '-l', '/var/lib/mock/alma+epel-10-x86_64/root/proc'] with env {'TERM': 'vt100', 'SHELL': '/bin/sh', 'HOME': '/builddir', 'HOSTNAME': 'mock', 'PATH': '/usr/bin:/bin:/usr/sbin:/sbin', 'LANG': 'C.UTF-8'} and shell False
DEBUG util.py:610:  Child return code was: 0
DEBUG file_util.py:17:  ensuring that dir exists: /var/lib/mock/alma+epel-10-x86_64-bootstrap/root/var/lib/mock/alma+epel-10-x86_64/root
DEBUG util.py:636:  child environment: None
DEBUG util.py:558:  Executing command: ['/bin/mount', '-n', '-t', 'tmpfs', '-o', 'private,mode=0755', 'tmpfs', '/var/lib/mock/alma+epel-10-x86_64-bootstrap/root/var/lib/mock/alma+epel-10-x86_64/root'] with env {'TERM': 'vt100', 'SHELL': '/bin/sh', 'HOME': '/builddir', 'HOSTNAME': 'mock', 'PATH': '/usr/bin:/bin:/usr/sbin:/sbin', 'LANG': 'C.UTF-8'} and shell False
DEBUG util.py:610:  Child return code was: 0
DEBUG file_util.py:17:  ensuring that dir exists: /var/lib/mock/alma+epel-10-x86_64-bootstrap/root/var/lib/mock/alma+epel-10-x86_64/root
DEBUG util.py:636:  child environment: None
DEBUG util.py:558:  Executing command: ['/bin/mount', '-n', '-o', 'rbind', '/var/lib/mock/alma+epel-10-x86_64/root', '/var/lib/mock/alma+epel-10-x86_64-bootstrap/root/var/lib/mock/alma+epel-10-x86_64/root'] with env {'TERM': 'vt100', 'SHELL': '/bin/sh', 'HOME': '/builddir', 'HOSTNAME': 'mock', 'PATH': '/usr/bin:/bin:/usr/sbin:/sbin', 'LANG': 'C.UTF-8'} and shell False
DEBUG util.py:610:  Child return code was: 0
DEBUG util.py:636:  child environment: None
DEBUG util.py:558:  Executing command: ['/bin/mount', '-n', '-o', 'remount,private,rbind', '--target', '/var/lib/mock/alma+epel-10-x86_64-bootstrap/root/var/lib/mock/alma+epel-10-x86_64/root'] with env {'TERM': 'vt100', 'SHELL': '/bin/sh', 'HOME': '/builddir', 'HOSTNAME': 'mock', 'PATH': '/usr/bin:/bin:/usr/sbin:/sbin', 'LANG': 'C.UTF-8'} and shell False
DEBUG util.py:610:  Child return code was: 0
DEBUG util.py:636:  child environment: None
DEBUG util.py:553:  Using nspawn with args ['--capability=cap_ipc_lock', '--bind=/tmp/mock-resolv.fitl_6e6:/etc/resolv.conf']
DEBUG util.py:558:  Executing command: ['/usr/bin/systemd-nspawn', '-q', '-M', 'f3f9762e70344203922aa90282964378', '-D', '/var/lib/mock/alma+epel-10-x86_64-bootstrap/root', '-a', '--capability=cap_ipc_lock', '--bind=/tmp/mock-resolv.fitl_6e6:/etc/resolv.conf', '--console=pipe', '--setenv=TERM=vt100', '--setenv=SHELL=/bin/bash', '--setenv=HOME=/builddir', '--setenv=HOSTNAME=mock', '--setenv=PATH=/usr/bin:/bin:/usr/sbin:/sbin', '--setenv=PROMPT_COMMAND=printf "\\033]0;<mock-chroot>\\007"', '--setenv=PS1=<mock-chroot> \\s-\\v\\$ ', '--setenv=LANG=C.UTF-8', '--resolv-conf=off', '/bin/rpm', '-qa', '--root', '/var/lib/mock/alma+epel-10-x86_64/root'] with env {'TERM': 'vt100', 'SHELL': '/bin/bash', 'HOME': '/builddir', 'HOSTNAME': 'mock', 'PATH': '/usr/bin:/bin:/usr/sbin:/sbin', 'PROMPT_COMMAND': 'printf "\\033]0;<mock-chroot>\\007"', 'PS1': '<mock-chroot> \\s-\\v\\$ ', 'LANG': 'C.UTF-8', 'SYSTEMD_NSPAWN_TMPFS_TMP': '0', 'SYSTEMD_SECCOMP': '0'} and shell False
DEBUG util.py:463:  gpg-pubkey-c2a1e572-668fe8ef
DEBUG util.py:463:  gpg-pubkey-e37ed158-65785fa9
DEBUG util.py:463:  libgcc-14.3.1-2.1.el10.alma.1.x86_64
DEBUG util.py:463:  ghc-srpm-macros-1.9.2-1.el10_0.noarch
DEBUG util.py:463:  fpc-srpm-macros-1.3-7.el10_1.noarch
DEBUG util.py:463:  ansible-srpm-macros-1-21.el10_1.noarch
DEBUG util.py:463:  rust-toolset-srpm-macros-1.88.0-1.el10.alma.1.noarch
DEBUG util.py:463:  qt6-srpm-macros-6.9.1-1.el10.noarch
DEBUG util.py:463:  perl-srpm-macros-1-57.el10.noarch
DEBUG util.py:463:  package-notes-srpm-macros-0.5-13.el10.noarch
DEBUG util.py:463:  openblas-srpm-macros-2-19.el10.noarch
DEBUG util.py:463:  ocaml-srpm-macros-10-4.el10.noarch
DEBUG util.py:463:  kernel-srpm-macros-1.0-25.el10.noarch
DEBUG util.py:463:  publicsuffix-list-dafsa-20240107-5.el10.noarch
DEBUG util.py:463:  pkgconf-m4-2.1.0-3.el10.noarch
DEBUG util.py:463:  pcre2-syntax-10.44-1.el10.3.noarch
DEBUG util.py:463:  ncurses-base-6.4-15.20240127.el10_1.noarch
DEBUG util.py:463:  libssh-config-0.11.1-5.el10_1.noarch
DEBUG util.py:463:  coreutils-common-9.5-6.el10.x86_64
DEBUG util.py:463:  almalinux-gpg-keys-10.1-16.el10.x86_64
DEBUG util.py:463:  almalinux-release-10.1-16.el10.x86_64
DEBUG util.py:463:  almalinux-repos-10.1-16.el10.x86_64
DEBUG util.py:463:  setup-2.14.5-7.el10.noarch
DEBUG util.py:463:  filesystem-3.18-17.el10.x86_64
DEBUG util.py:463:  basesystem-11-22.el10.noarch
DEBUG util.py:463:  glibc-gconv-extra-2.39-58.el10_1.7.alma.1.x86_64
DEBUG util.py:463:  ncurses-libs-6.4-15.20240127.el10_1.x86_64
DEBUG util.py:463:  glibc-2.39-58.el10_1.7.alma.1.x86_64
DEBUG util.py:463:  bash-5.2.26-6.el10.x86_64
DEBUG util.py:463:  glibc-common-2.39-58.el10_1.7.alma.1.x86_64
DEBUG util.py:463:  glibc-minimal-langpack-2.39-58.el10_1.7.alma.1.x86_64
DEBUG util.py:463:  zlib-ng-compat-2.2.3-3.el10_1.x86_64
DEBUG util.py:463:  bzip2-libs-1.0.8-25.el10.x86_64
DEBUG util.py:463:  xz-libs-5.6.2-4.el10_0.x86_64
DEBUG util.py:463:  libstdc++-14.3.1-2.1.el10.alma.1.x86_64
DEBUG util.py:463:  libuuid-2.40.2-15.el10_1.x86_64
DEBUG util.py:463:  popt-1.19-8.el10.x86_64
DEBUG util.py:463:  readline-8.2-11.el10.x86_64
DEBUG util.py:463:  libblkid-2.40.2-15.el10_1.x86_64
DEBUG util.py:463:  gmp-6.2.1-12.el10.x86_64
DEBUG util.py:463:  libattr-2.5.2-5.el10.x86_64
DEBUG util.py:463:  libacl-2.3.2-4.el10.x86_64
DEBUG util.py:463:  libxcrypt-4.4.36-10.el10.x86_64
DEBUG util.py:463:  libzstd-1.5.5-9.el10.x86_64
DEBUG util.py:463:  elfutils-libelf-0.193-1.el10.x86_64
DEBUG util.py:463:  crypto-policies-20250905-2.gitc7eb7b2.el10_1.1.noarch
DEBUG util.py:463:  gdbm-libs-1.23-12.el10_0.x86_64
DEBUG util.py:463:  libeconf-0.6.2-4.el10.x86_64
DEBUG util.py:463:  dwz-0.16-1.el10.x86_64
DEBUG util.py:463:  mpfr-4.2.1-5.el10.x86_64
DEBUG util.py:463:  gawk-5.3.0-6.el10.x86_64
DEBUG util.py:463:  unzip-6.0-69.el10.x86_64
DEBUG util.py:463:  file-libs-5.45-8.el10.x86_64
DEBUG util.py:463:  file-5.45-8.el10.x86_64
DEBUG util.py:463:  alternatives-1.30-2.el10.x86_64
DEBUG util.py:463:  jansson-2.14-3.el10.x86_64
DEBUG util.py:463:  libcap-ng-0.8.4-6.el10.x86_64
DEBUG util.py:463:  audit-libs-4.0.3-4.el10.x86_64
DEBUG util.py:463:  pam-libs-1.6.1-8.el10.x86_64
DEBUG util.py:463:  libcap-2.69-7.el10_1.1.x86_64
DEBUG util.py:463:  systemd-libs-257-13.el10.alma.1.x86_64
DEBUG util.py:463:  libffi-3.4.4-10.el10.x86_64
DEBUG util.py:463:  libsepol-3.9-1.el10.x86_64
DEBUG util.py:463:  libsmartcols-2.40.2-15.el10_1.x86_64
DEBUG util.py:463:  libtasn1-4.20.0-1.el10.x86_64
DEBUG util.py:463:  libunistring-1.1-10.el10.x86_64
DEBUG util.py:463:  libidn2-2.3.7-3.el10.x86_64
DEBUG util.py:463:  lua-libs-5.4.6-7.el10.x86_64
DEBUG util.py:463:  lz4-libs-1.9.4-8.el10.x86_64
DEBUG util.py:463:  pcre2-10.44-1.el10.3.x86_64
DEBUG util.py:463:  libselinux-3.9-1.el10.x86_64
DEBUG util.py:463:  sed-4.9-3.el10.x86_64
DEBUG util.py:463:  findutils-4.10.0-5.el10.x86_64
DEBUG util.py:463:  grep-3.11-10.el10.x86_64
DEBUG util.py:463:  xz-5.6.2-4.el10_0.x86_64
DEBUG util.py:463:  libmount-2.40.2-15.el10_1.x86_64
DEBUG util.py:463:  util-linux-core-2.40.2-15.el10_1.x86_64
DEBUG util.py:463:  libsemanage-3.9-1.el10.x86_64
DEBUG util.py:463:  shadow-utils-4.15.0-10.el10_1.x86_64
DEBUG util.py:463:  libutempter-1.2.1-15.el10.x86_64
DEBUG util.py:463:  tar-1.35-9.el10_1.x86_64
DEBUG util.py:463:  zstd-1.5.5-9.el10.x86_64
DEBUG util.py:463:  libpsl-0.21.5-6.el10.x86_64
DEBUG util.py:463:  p11-kit-0.25.5-7.el10.x86_64
DEBUG util.py:463:  p11-kit-trust-0.25.5-7.el10.x86_64
DEBUG util.py:463:  openssl-fips-provider-3.5.1-7.el10_1.alma.1.x86_64
DEBUG util.py:463:  openssl-libs-3.5.1-7.el10_1.alma.1.x86_64
DEBUG util.py:463:  coreutils-9.5-6.el10.x86_64
DEBUG util.py:463:  ca-certificates-2025.2.80_v9.0.305-102.el10_1.noarch
DEBUG util.py:463:  authselect-libs-1.5.0-8.el10.x86_64
DEBUG util.py:463:  gzip-1.13-3.el10.x86_64
DEBUG util.py:463:  cracklib-2.9.11-8.el10.x86_64
DEBUG util.py:463:  cracklib-dicts-2.9.11-8.el10.x86_64
DEBUG util.py:463:  libpwquality-1.4.5-12.el10.x86_64
DEBUG util.py:463:  libevent-2.1.12-16.el10.x86_64
DEBUG util.py:463:  rpm-sequoia-1.9.0.3-1.el10_1.x86_64
DEBUG util.py:463:  zip-3.0-45.el10.x86_64
DEBUG util.py:463:  cyrus-sasl-lib-2.1.28-29.el10.x86_64
DEBUG util.py:463:  openldap-2.6.9-1.el10.x86_64
DEBUG util.py:463:  gdbm-1.23-12.el10_0.x86_64
DEBUG util.py:463:  pam-1.6.1-8.el10.x86_64
DEBUG util.py:463:  libfdisk-2.40.2-15.el10_1.x86_64
DEBUG util.py:463:  libxml2-2.12.5-9.el10_0.x86_64
DEBUG util.py:463:  libarchive-3.7.7-8.el10_1.x86_64
DEBUG util.py:463:  bzip2-1.0.8-25.el10.x86_64
DEBUG util.py:463:  sqlite-libs-3.46.1-5.el10_1.x86_64
DEBUG util.py:463:  rpm-libs-4.19.1.1-20.el10.alma.1.x86_64
DEBUG util.py:463:  ed-1.20-5.el10.x86_64
DEBUG util.py:463:  patch-2.7.6-26.el10.x86_64
DEBUG util.py:463:  elfutils-default-yama-scope-0.193-1.el10.noarch
DEBUG util.py:463:  cpio-2.15-3.el10.x86_64
DEBUG util.py:463:  diffutils-3.10-8.el10.x86_64
DEBUG util.py:463:  json-c-0.18-3.el10.x86_64
DEBUG util.py:463:  keyutils-libs-1.6.3-5.el10.x86_64
DEBUG util.py:463:  libbrotli-1.1.0-7.el10_1.x86_64
DEBUG util.py:463:  libcom_err-1.47.1-4.el10.x86_64
DEBUG util.py:463:  libgomp-14.3.1-2.1.el10.alma.1.x86_64
DEBUG util.py:463:  libnghttp2-1.64.0-2.el10_1.1.x86_64
DEBUG util.py:463:  libpkgconf-2.1.0-3.el10.x86_64
DEBUG util.py:463:  pkgconf-2.1.0-3.el10.x86_64
DEBUG util.py:463:  pkgconf-pkg-config-2.1.0-3.el10.x86_64
DEBUG util.py:463:  libverto-0.3.2-10.el10.x86_64
DEBUG util.py:463:  krb5-libs-1.21.3-9.el10_1.x86_64
DEBUG util.py:463:  libssh-0.11.1-5.el10_1.x86_64
DEBUG util.py:463:  libcurl-8.12.1-2.el10_1.2.x86_64
DEBUG util.py:463:  elfutils-libs-0.193-1.el10.x86_64
DEBUG util.py:463:  elfutils-debuginfod-client-0.193-1.el10.x86_64
DEBUG util.py:463:  binutils-gold-2.41-58.el10_1.2.alma.1.x86_64
DEBUG util.py:463:  binutils-2.41-58.el10_1.2.alma.1.x86_64
DEBUG util.py:463:  elfutils-0.193-1.el10.x86_64
DEBUG util.py:463:  gdb-minimal-16.3-2.el10.x86_64
DEBUG util.py:463:  debugedit-5.1-8.el10.x86_64
DEBUG util.py:463:  rpm-build-libs-4.19.1.1-20.el10.alma.1.x86_64
DEBUG util.py:463:  curl-8.12.1-2.el10_1.2.x86_64
DEBUG util.py:463:  rpm-4.19.1.1-20.el10.alma.1.x86_64
DEBUG util.py:463:  efi-srpm-macros-6-6.el10.alma.1.noarch
DEBUG util.py:463:  lua-srpm-macros-1-15.el10.noarch
DEBUG util.py:463:  fonts-srpm-macros-2.0.5-18.el10.noarch
DEBUG util.py:463:  forge-srpm-macros-0.4.0-6.el10.noarch
DEBUG util.py:463:  go-srpm-macros-3.6.0-8.el10_1.noarch
DEBUG util.py:463:  python-srpm-macros-3.12-10.el10.noarch
DEBUG util.py:463:  redhat-rpm-config-293-1.el10.alma.2.noarch
DEBUG util.py:463:  rpm-build-4.19.1.1-20.el10.alma.1.x86_64
DEBUG util.py:463:  pyproject-srpm-macros-1.16.2-1.el10.noarch
DEBUG util.py:463:  R-srpm-macros-1.3.7-1.el10_1.noarch
DEBUG util.py:463:  epel-rpm-macros-10-7.el10_1.noarch
DEBUG util.py:463:  util-linux-2.40.2-15.el10_1.x86_64
DEBUG util.py:463:  authselect-1.5.0-8.el10.x86_64
DEBUG util.py:463:  which-2.21-44.el10_0.x86_64
DEBUG util.py:463:  info-7.1-6.el10.x86_64
DEBUG util.py:463:  ncurses-6.4-15.20240127.el10_1.x86_64
DEBUG util.py:463:  mailcap-2.1.54-8.el10.noarch
DEBUG util.py:463:  groff-base-1.23.0-10.el10.x86_64
DEBUG util.py:463:  perl-Digest-SHA-6.04-512.el10.x86_64
DEBUG util.py:463:  perl-Digest-1.20-511.el10.noarch
DEBUG util.py:463:  perl-Tie-4.6-512.2.el10_0.noarch
DEBUG util.py:463:  perl-GSSAPI-0.28-48.el10.x86_64
DEBUG util.py:463:  perl-Digest-HMAC-1.04-12.el10.noarch
DEBUG util.py:463:  perl-Digest-MD5-2.59-6.el10.x86_64
DEBUG util.py:463:  perl-B-1.89-512.2.el10_0.x86_64
DEBUG util.py:463:  perl-FileHandle-2.05-512.2.el10_0.noarch
DEBUG util.py:463:  perl-Authen-SASL-2.1700-5.el10.noarch
DEBUG util.py:463:  perl-Data-Dumper-2.189-512.el10.x86_64
DEBUG util.py:463:  perl-libnet-3.15-512.el10.noarch
DEBUG util.py:463:  perl-AutoLoader-5.74-512.2.el10_0.noarch
DEBUG util.py:463:  perl-URI-5.27-3.el10.noarch
DEBUG util.py:463:  perl-Text-Tabs+Wrap-2024.001-511.el10.noarch
DEBUG util.py:463:  perl-Mozilla-CA-20231213-5.el10.noarch
DEBUG util.py:463:  perl-if-0.61.000-512.2.el10_0.noarch
DEBUG util.py:463:  perl-locale-1.12-512.2.el10_0.noarch
DEBUG util.py:463:  perl-IO-Socket-IP-0.42-512.el10.noarch
DEBUG util.py:463:  perl-Time-Local-1.350-511.el10.noarch
DEBUG util.py:463:  perl-File-Path-2.18-511.el10.noarch
DEBUG util.py:463:  perl-IO-Socket-SSL-2.085-3.el10.noarch
DEBUG util.py:463:  perl-Net-SSLeay-1.94-8.el10.x86_64
DEBUG util.py:463:  perl-Pod-Escapes-1.07-511.el10.noarch
DEBUG util.py:463:  perl-Class-Struct-0.68-512.2.el10_0.noarch
DEBUG util.py:463:  perl-Term-ANSIColor-5.01-512.el10.noarch
DEBUG util.py:463:  perl-POSIX-2.20-512.2.el10_0.x86_64
DEBUG util.py:463:  perl-IPC-Open3-1.22-512.2.el10_0.noarch
DEBUG util.py:463:  perl-File-Temp-0.231.100-512.el10.noarch
DEBUG util.py:463:  perl-HTTP-Tiny-0.088-512.el10.noarch
DEBUG util.py:463:  perl-Term-Cap-1.18-511.el10.noarch
DEBUG util.py:463:  perl-Pod-Simple-3.45-511.el10.noarch
DEBUG util.py:463:  perl-Socket-2.038-511.el10.x86_64
DEBUG util.py:463:  perl-SelectSaver-1.02-512.2.el10_0.noarch
DEBUG util.py:463:  perl-Symbol-1.09-512.2.el10_0.noarch
DEBUG util.py:463:  perl-File-stat-1.14-512.2.el10_0.noarch
DEBUG util.py:463:  perl-podlators-5.01-511.el10.noarch
DEBUG util.py:463:  perl-Pod-Perldoc-3.28.01-512.el10.noarch
DEBUG util.py:463:  perl-Fcntl-1.18-512.2.el10_0.x86_64
DEBUG util.py:463:  perl-Text-ParseWords-3.31-511.el10.noarch
DEBUG util.py:463:  perl-base-2.27-512.2.el10_0.noarch
DEBUG util.py:463:  perl-mro-1.29-512.2.el10_0.x86_64
DEBUG util.py:463:  perl-IO-1.55-512.2.el10_0.x86_64
DEBUG util.py:463:  perl-overloading-0.02-512.2.el10_0.noarch
DEBUG util.py:463:  perl-Pod-Usage-2.03-511.el10.noarch
DEBUG util.py:463:  perl-Errno-1.38-512.2.el10_0.x86_64
DEBUG util.py:463:  perl-File-Basename-2.86-512.2.el10_0.noarch
DEBUG util.py:463:  perl-Getopt-Std-1.14-512.2.el10_0.noarch
DEBUG util.py:463:  perl-MIME-Base64-3.16-511.el10.x86_64
DEBUG util.py:463:  perl-Scalar-List-Utils-1.63-511.el10.x86_64
DEBUG util.py:463:  perl-constant-1.33-512.el10.noarch
DEBUG util.py:463:  perl-Storable-3.32-511.el10.x86_64
DEBUG util.py:463:  perl-overload-1.37-512.2.el10_0.noarch
DEBUG util.py:463:  perl-parent-0.241-512.el10.noarch
DEBUG util.py:463:  perl-vars-1.05-512.2.el10_0.noarch
DEBUG util.py:463:  perl-Getopt-Long-2.58-3.el10.noarch
DEBUG util.py:463:  perl-Carp-1.54-511.el10.noarch
DEBUG util.py:463:  perl-Exporter-5.78-511.el10.noarch
DEBUG util.py:463:  perl-PathTools-3.91-512.el10.x86_64
DEBUG util.py:463:  perl-DynaLoader-1.56-512.2.el10_0.x86_64
DEBUG util.py:463:  perl-Encode-3.21-511.el10.x86_64
DEBUG util.py:463:  perl-libs-5.40.2-512.2.el10_0.x86_64
DEBUG util.py:463:  perl-interpreter-5.40.2-512.2.el10_0.x86_64
DEBUG util.py:463:  perl-Compress-Raw-Zlib-2.212-512.el10.x86_64
DEBUG util.py:463:  perl-LWP-MediaTypes-6.04-19.el10.noarch
DEBUG util.py:463:  perl-macros-5.40.2-512.2.el10_0.noarch
DEBUG util.py:463:  perl-Clone-0.46-10.el10.x86_64
DEBUG util.py:463:  perl-Compress-Raw-Bzip2-2.212-512.el10.x86_64
DEBUG util.py:463:  perl-IO-Compress-2.212-512.el10.noarch
DEBUG util.py:463:  perl-Net-HTTP-6.23-6.el10.noarch
DEBUG util.py:463:  perl-Convert-ASN1-0.34-5.el10.noarch
DEBUG util.py:463:  perl-Fedora-VSP-0.001-36.el10.noarch
DEBUG util.py:463:  perl-File-Copy-2.41-512.2.el10_0.noarch
DEBUG util.py:463:  perl-HTML-Tagset-3.20-59.el10.noarch
DEBUG util.py:463:  perl-I18N-Langinfo-0.24-512.2.el10_0.x86_64
DEBUG util.py:463:  perl-Encode-Locale-1.05-31.el10.noarch
DEBUG util.py:463:  perl-IO-HTML-1.004-14.el10.noarch
DEBUG util.py:463:  perl-Math-Complex-1.62-512.2.el10_0.noarch
DEBUG util.py:463:  perl-Math-BigInt-2.0030.03-3.el10.noarch
DEBUG util.py:463:  perl-JSON-4.10-7.el10.noarch
DEBUG util.py:463:  perl-Module-Load-0.36-511.el10.noarch
DEBUG util.py:463:  perl-NTLM-1.09-41.el10.noarch
DEBUG util.py:463:  perl-Text-Unidecode-1.30-27.el10.noarch
DEBUG util.py:463:  perl-TimeDate-2.33-16.el10.noarch
DEBUG util.py:463:  perl-HTTP-Date-6.06-6.el10.noarch
DEBUG util.py:463:  perl-HTTP-Message-6.45-5.el10.noarch
DEBUG util.py:463:  perl-HTTP-Negotiate-6.01-40.el10.noarch
DEBUG util.py:463:  perl-HTML-Parser-3.82-3.el10.x86_64
DEBUG util.py:463:  perl-HTTP-Cookies-6.11-5.el10.noarch
DEBUG util.py:463:  perl-File-Listing-6.16-5.el10.noarch
DEBUG util.py:463:  perl-Try-Tiny-0.31-12.el10.noarch
DEBUG util.py:463:  perl-WWW-RobotRules-6.02-41.el10.noarch
DEBUG util.py:463:  perl-deprecate-0.04-512.2.el10_0.noarch
DEBUG util.py:463:  perl-Text-Soundex-3.05-33.el10.x86_64
DEBUG util.py:463:  perl-subs-1.04-512.2.el10_0.noarch
DEBUG util.py:463:  perl-Data-Dump-1.25-13.el10.noarch
DEBUG util.py:463:  perl-libwww-perl-6.76-3.el10.noarch
DEBUG util.py:463:  perl-Digest-MD4-1.9-41.el10_0.x86_64
DEBUG util.py:463:  perl-Crypt-SmbHash-0.12-48.el10.noarch
DEBUG util.py:463:  perl-LDAP-0.68-16.el10.noarch
DEBUG util.py:463:  perl-generators-1.16-7.el10.noarch
DEBUG util.py:463:  perl-English-1.11-512.2.el10_0.noarch
DEBUG util.py:463:  perl-FindBin-1.54-512.2.el10_0.noarch
DEBUG util.py:463:  openssl-3.5.1-7.el10_1.alma.1.x86_64
DEBUG util.py:463:  make-4.4.1-9.el10.x86_64
DEBUG util.py:610:  Child return code was: 0
DEBUG util.py:185:  kill orphans in chroot /var/lib/mock/alma+epel-10-x86_64/root
DEBUG util.py:185:  kill orphans in chroot /var/lib/mock/alma+epel-10-x86_64-bootstrap/root/var/lib/mock/alma+epel-10-x86_64/root
DEBUG util.py:636:  child environment: None
DEBUG util.py:558:  Executing command: ['/bin/umount', '-n', '-l', '/var/lib/mock/alma+epel-10-x86_64-bootstrap/root/var/lib/mock/alma+epel-10-x86_64/root'] with env {'TERM': 'vt100', 'SHELL': '/bin/sh', 'HOME': '/builddir', 'HOSTNAME': 'mock', 'PATH': '/usr/bin:/bin:/usr/sbin:/sbin', 'LANG': 'C.UTF-8'} and shell False
DEBUG util.py:610:  Child return code was: 0
DEBUG util.py:636:  child environment: None
DEBUG util.py:558:  Executing command: ['/bin/umount', '-n', '-l', '/var/lib/mock/alma+epel-10-x86_64-bootstrap/root/var/lib/mock/alma+epel-10-x86_64/root'] with env {'TERM': 'vt100', 'SHELL': '/bin/sh', 'HOME': '/builddir', 'HOSTNAME': 'mock', 'PATH': '/usr/bin:/bin:/usr/sbin:/sbin', 'LANG': 'C.UTF-8'} and shell False
DEBUG util.py:610:  Child return code was: 0
DEBUG file_util.py:17:  ensuring that dir exists: /var/lib/mock/alma+epel-10-x86_64-bootstrap/root/var/lib/mock/alma+epel-10-x86_64/root
DEBUG util.py:636:  child environment: None
DEBUG util.py:558:  Executing command: ['/bin/mount', '-n', '-t', 'tmpfs', '-o', 'private,mode=0755', 'tmpfs', '/var/lib/mock/alma+epel-10-x86_64-bootstrap/root/var/lib/mock/alma+epel-10-x86_64/root'] with env {'TERM': 'vt100', 'SHELL': '/bin/sh', 'HOME': '/builddir', 'HOSTNAME': 'mock', 'PATH': '/usr/bin:/bin:/usr/sbin:/sbin', 'LANG': 'C.UTF-8'} and shell False
DEBUG util.py:610:  Child return code was: 0
DEBUG file_util.py:17:  ensuring that dir exists: /var/lib/mock/alma+epel-10-x86_64-bootstrap/root/var/lib/mock/alma+epel-10-x86_64/root
DEBUG util.py:636:  child environment: None
DEBUG util.py:558:  Executing command: ['/bin/mount', '-n', '-o', 'rbind', '/var/lib/mock/alma+epel-10-x86_64/root', '/var/lib/mock/alma+epel-10-x86_64-bootstrap/root/var/lib/mock/alma+epel-10-x86_64/root'] with env {'TERM': 'vt100', 'SHELL': '/bin/sh', 'HOME': '/builddir', 'HOSTNAME': 'mock', 'PATH': '/usr/bin:/bin:/usr/sbin:/sbin', 'LANG': 'C.UTF-8'} and shell False
DEBUG util.py:610:  Child return code was: 0
DEBUG util.py:636:  child environment: None
DEBUG util.py:558:  Executing command: ['/bin/mount', '-n', '-o', 'remount,private,rbind', '--target', '/var/lib/mock/alma+epel-10-x86_64-bootstrap/root/var/lib/mock/alma+epel-10-x86_64/root'] with env {'TERM': 'vt100', 'SHELL': '/bin/sh', 'HOME': '/builddir', 'HOSTNAME': 'mock', 'PATH': '/usr/bin:/bin:/usr/sbin:/sbin', 'LANG': 'C.UTF-8'} and shell False
DEBUG util.py:610:  Child return code was: 0
DEBUG util.py:636:  child environment: None
DEBUG util.py:553:  Using nspawn with args ['--capability=cap_ipc_lock', '--bind=/tmp/mock-resolv.fitl_6e6:/etc/resolv.conf']
DEBUG util.py:558:  Executing command: ['/usr/bin/systemd-nspawn', '-q', '-M', '91944af43f324ab7b54f88bef5d377ab', '-D', '/var/lib/mock/alma+epel-10-x86_64-bootstrap/root', '-a', '--capability=cap_ipc_lock', '--bind=/tmp/mock-resolv.fitl_6e6:/etc/resolv.conf', '--console=pipe', '--setenv=TERM=vt100', '--setenv=SHELL=/bin/bash', '--setenv=HOME=/builddir', '--setenv=HOSTNAME=mock', '--setenv=PATH=/usr/bin:/bin:/usr/sbin:/sbin', '--setenv=PROMPT_COMMAND=printf "\\033]0;<mock-chroot>\\007"', '--setenv=PS1=<mock-chroot> \\s-\\v\\$ ', '--setenv=LANG=C.UTF-8', '--resolv-conf=off', '/bin/rpm', '-qa', '--root', '/var/lib/mock/alma+epel-10-x86_64/root'] with env {'TERM': 'vt100', 'SHELL': '/bin/bash', 'HOME': '/builddir', 'HOSTNAME': 'mock', 'PATH': '/usr/bin:/bin:/usr/sbin:/sbin', 'PROMPT_COMMAND': 'printf "\\033]0;<mock-chroot>\\007"', 'PS1': '<mock-chroot> \\s-\\v\\$ ', 'LANG': 'C.UTF-8', 'SYSTEMD_NSPAWN_TMPFS_TMP': '0', 'SYSTEMD_SECCOMP': '0'} and shell False
DEBUG util.py:463:  gpg-pubkey-c2a1e572-668fe8ef
DEBUG util.py:463:  gpg-pubkey-e37ed158-65785fa9
DEBUG util.py:463:  libgcc-14.3.1-2.1.el10.alma.1.x86_64
DEBUG util.py:463:  ghc-srpm-macros-1.9.2-1.el10_0.noarch
DEBUG util.py:463:  fpc-srpm-macros-1.3-7.el10_1.noarch
DEBUG util.py:463:  ansible-srpm-macros-1-21.el10_1.noarch
DEBUG util.py:463:  rust-toolset-srpm-macros-1.88.0-1.el10.alma.1.noarch
DEBUG util.py:463:  qt6-srpm-macros-6.9.1-1.el10.noarch
DEBUG util.py:463:  perl-srpm-macros-1-57.el10.noarch
DEBUG util.py:463:  package-notes-srpm-macros-0.5-13.el10.noarch
DEBUG util.py:463:  openblas-srpm-macros-2-19.el10.noarch
DEBUG util.py:463:  ocaml-srpm-macros-10-4.el10.noarch
DEBUG util.py:463:  kernel-srpm-macros-1.0-25.el10.noarch
DEBUG util.py:463:  publicsuffix-list-dafsa-20240107-5.el10.noarch
DEBUG util.py:463:  pkgconf-m4-2.1.0-3.el10.noarch
DEBUG util.py:463:  pcre2-syntax-10.44-1.el10.3.noarch
DEBUG util.py:463:  ncurses-base-6.4-15.20240127.el10_1.noarch
DEBUG util.py:463:  libssh-config-0.11.1-5.el10_1.noarch
DEBUG util.py:463:  coreutils-common-9.5-6.el10.x86_64
DEBUG util.py:463:  almalinux-gpg-keys-10.1-16.el10.x86_64
DEBUG util.py:463:  almalinux-release-10.1-16.el10.x86_64
DEBUG util.py:463:  almalinux-repos-10.1-16.el10.x86_64
DEBUG util.py:463:  setup-2.14.5-7.el10.noarch
DEBUG util.py:463:  filesystem-3.18-17.el10.x86_64
DEBUG util.py:463:  basesystem-11-22.el10.noarch
DEBUG util.py:463:  glibc-gconv-extra-2.39-58.el10_1.7.alma.1.x86_64
DEBUG util.py:463:  ncurses-libs-6.4-15.20240127.el10_1.x86_64
DEBUG util.py:463:  glibc-2.39-58.el10_1.7.alma.1.x86_64
DEBUG util.py:463:  bash-5.2.26-6.el10.x86_64
DEBUG util.py:463:  glibc-common-2.39-58.el10_1.7.alma.1.x86_64
DEBUG util.py:463:  glibc-minimal-langpack-2.39-58.el10_1.7.alma.1.x86_64
DEBUG util.py:463:  zlib-ng-compat-2.2.3-3.el10_1.x86_64
DEBUG util.py:463:  bzip2-libs-1.0.8-25.el10.x86_64
DEBUG util.py:463:  xz-libs-5.6.2-4.el10_0.x86_64
DEBUG util.py:463:  libstdc++-14.3.1-2.1.el10.alma.1.x86_64
DEBUG util.py:463:  libuuid-2.40.2-15.el10_1.x86_64
DEBUG util.py:463:  popt-1.19-8.el10.x86_64
DEBUG util.py:463:  readline-8.2-11.el10.x86_64
DEBUG util.py:463:  libblkid-2.40.2-15.el10_1.x86_64
DEBUG util.py:463:  gmp-6.2.1-12.el10.x86_64
DEBUG util.py:463:  libattr-2.5.2-5.el10.x86_64
DEBUG util.py:463:  libacl-2.3.2-4.el10.x86_64
DEBUG util.py:463:  libxcrypt-4.4.36-10.el10.x86_64
DEBUG util.py:463:  libzstd-1.5.5-9.el10.x86_64
DEBUG util.py:463:  elfutils-libelf-0.193-1.el10.x86_64
DEBUG util.py:463:  crypto-policies-20250905-2.gitc7eb7b2.el10_1.1.noarch
DEBUG util.py:463:  gdbm-libs-1.23-12.el10_0.x86_64
DEBUG util.py:463:  libeconf-0.6.2-4.el10.x86_64
DEBUG util.py:463:  dwz-0.16-1.el10.x86_64
DEBUG util.py:463:  mpfr-4.2.1-5.el10.x86_64
DEBUG util.py:463:  gawk-5.3.0-6.el10.x86_64
DEBUG util.py:463:  unzip-6.0-69.el10.x86_64
DEBUG util.py:463:  file-libs-5.45-8.el10.x86_64
DEBUG util.py:463:  file-5.45-8.el10.x86_64
DEBUG util.py:463:  alternatives-1.30-2.el10.x86_64
DEBUG util.py:463:  jansson-2.14-3.el10.x86_64
DEBUG util.py:463:  libcap-ng-0.8.4-6.el10.x86_64
DEBUG util.py:463:  audit-libs-4.0.3-4.el10.x86_64
DEBUG util.py:463:  pam-libs-1.6.1-8.el10.x86_64
DEBUG util.py:463:  libcap-2.69-7.el10_1.1.x86_64
DEBUG util.py:463:  systemd-libs-257-13.el10.alma.1.x86_64
DEBUG util.py:463:  libffi-3.4.4-10.el10.x86_64
DEBUG util.py:463:  libsepol-3.9-1.el10.x86_64
DEBUG util.py:463:  libsmartcols-2.40.2-15.el10_1.x86_64
DEBUG util.py:463:  libtasn1-4.20.0-1.el10.x86_64
DEBUG util.py:463:  libunistring-1.1-10.el10.x86_64
DEBUG util.py:463:  libidn2-2.3.7-3.el10.x86_64
DEBUG util.py:463:  lua-libs-5.4.6-7.el10.x86_64
DEBUG util.py:463:  lz4-libs-1.9.4-8.el10.x86_64
DEBUG util.py:463:  pcre2-10.44-1.el10.3.x86_64
DEBUG util.py:463:  libselinux-3.9-1.el10.x86_64
DEBUG util.py:463:  sed-4.9-3.el10.x86_64
DEBUG util.py:463:  findutils-4.10.0-5.el10.x86_64
DEBUG util.py:463:  grep-3.11-10.el10.x86_64
DEBUG util.py:463:  xz-5.6.2-4.el10_0.x86_64
DEBUG util.py:463:  libmount-2.40.2-15.el10_1.x86_64
DEBUG util.py:463:  util-linux-core-2.40.2-15.el10_1.x86_64
DEBUG util.py:463:  libsemanage-3.9-1.el10.x86_64
DEBUG util.py:463:  shadow-utils-4.15.0-10.el10_1.x86_64
DEBUG util.py:463:  libutempter-1.2.1-15.el10.x86_64
DEBUG util.py:463:  tar-1.35-9.el10_1.x86_64
DEBUG util.py:463:  zstd-1.5.5-9.el10.x86_64
DEBUG util.py:463:  libpsl-0.21.5-6.el10.x86_64
DEBUG util.py:463:  p11-kit-0.25.5-7.el10.x86_64
DEBUG util.py:463:  p11-kit-trust-0.25.5-7.el10.x86_64
DEBUG util.py:463:  openssl-fips-provider-3.5.1-7.el10_1.alma.1.x86_64
DEBUG util.py:463:  openssl-libs-3.5.1-7.el10_1.alma.1.x86_64
DEBUG util.py:463:  coreutils-9.5-6.el10.x86_64
DEBUG util.py:463:  ca-certificates-2025.2.80_v9.0.305-102.el10_1.noarch
DEBUG util.py:463:  authselect-libs-1.5.0-8.el10.x86_64
DEBUG util.py:463:  gzip-1.13-3.el10.x86_64
DEBUG util.py:463:  cracklib-2.9.11-8.el10.x86_64
DEBUG util.py:463:  cracklib-dicts-2.9.11-8.el10.x86_64
DEBUG util.py:463:  libpwquality-1.4.5-12.el10.x86_64
DEBUG util.py:463:  libevent-2.1.12-16.el10.x86_64
DEBUG util.py:463:  rpm-sequoia-1.9.0.3-1.el10_1.x86_64
DEBUG util.py:463:  zip-3.0-45.el10.x86_64
DEBUG util.py:463:  cyrus-sasl-lib-2.1.28-29.el10.x86_64
DEBUG util.py:463:  openldap-2.6.9-1.el10.x86_64
DEBUG util.py:463:  gdbm-1.23-12.el10_0.x86_64
DEBUG util.py:463:  pam-1.6.1-8.el10.x86_64
DEBUG util.py:463:  libfdisk-2.40.2-15.el10_1.x86_64
DEBUG util.py:463:  libxml2-2.12.5-9.el10_0.x86_64
DEBUG util.py:463:  libarchive-3.7.7-8.el10_1.x86_64
DEBUG util.py:463:  bzip2-1.0.8-25.el10.x86_64
DEBUG util.py:463:  sqlite-libs-3.46.1-5.el10_1.x86_64
DEBUG util.py:463:  rpm-libs-4.19.1.1-20.el10.alma.1.x86_64
DEBUG util.py:463:  ed-1.20-5.el10.x86_64
DEBUG util.py:463:  patch-2.7.6-26.el10.x86_64
DEBUG util.py:463:  elfutils-default-yama-scope-0.193-1.el10.noarch
DEBUG util.py:463:  cpio-2.15-3.el10.x86_64
DEBUG util.py:463:  diffutils-3.10-8.el10.x86_64
DEBUG util.py:463:  json-c-0.18-3.el10.x86_64
DEBUG util.py:463:  keyutils-libs-1.6.3-5.el10.x86_64
DEBUG util.py:463:  libbrotli-1.1.0-7.el10_1.x86_64
DEBUG util.py:463:  libcom_err-1.47.1-4.el10.x86_64
DEBUG util.py:463:  libgomp-14.3.1-2.1.el10.alma.1.x86_64
DEBUG util.py:463:  libnghttp2-1.64.0-2.el10_1.1.x86_64
DEBUG util.py:463:  libpkgconf-2.1.0-3.el10.x86_64
DEBUG util.py:463:  pkgconf-2.1.0-3.el10.x86_64
DEBUG util.py:463:  pkgconf-pkg-config-2.1.0-3.el10.x86_64
DEBUG util.py:463:  libverto-0.3.2-10.el10.x86_64
DEBUG util.py:463:  krb5-libs-1.21.3-9.el10_1.x86_64
DEBUG util.py:463:  libssh-0.11.1-5.el10_1.x86_64
DEBUG util.py:463:  libcurl-8.12.1-2.el10_1.2.x86_64
DEBUG util.py:463:  elfutils-libs-0.193-1.el10.x86_64
DEBUG util.py:463:  elfutils-debuginfod-client-0.193-1.el10.x86_64
DEBUG util.py:463:  binutils-gold-2.41-58.el10_1.2.alma.1.x86_64
DEBUG util.py:463:  binutils-2.41-58.el10_1.2.alma.1.x86_64
DEBUG util.py:463:  elfutils-0.193-1.el10.x86_64
DEBUG util.py:463:  gdb-minimal-16.3-2.el10.x86_64
DEBUG util.py:463:  debugedit-5.1-8.el10.x86_64
DEBUG util.py:463:  rpm-build-libs-4.19.1.1-20.el10.alma.1.x86_64
DEBUG util.py:463:  curl-8.12.1-2.el10_1.2.x86_64
DEBUG util.py:463:  rpm-4.19.1.1-20.el10.alma.1.x86_64
DEBUG util.py:463:  efi-srpm-macros-6-6.el10.alma.1.noarch
DEBUG util.py:463:  lua-srpm-macros-1-15.el10.noarch
DEBUG util.py:463:  fonts-srpm-macros-2.0.5-18.el10.noarch
DEBUG util.py:463:  forge-srpm-macros-0.4.0-6.el10.noarch
DEBUG util.py:463:  go-srpm-macros-3.6.0-8.el10_1.noarch
DEBUG util.py:463:  python-srpm-macros-3.12-10.el10.noarch
DEBUG util.py:463:  redhat-rpm-config-293-1.el10.alma.2.noarch
DEBUG util.py:463:  rpm-build-4.19.1.1-20.el10.alma.1.x86_64
DEBUG util.py:463:  pyproject-srpm-macros-1.16.2-1.el10.noarch
DEBUG util.py:463:  R-srpm-macros-1.3.7-1.el10_1.noarch
DEBUG util.py:463:  epel-rpm-macros-10-7.el10_1.noarch
DEBUG util.py:463:  util-linux-2.40.2-15.el10_1.x86_64
DEBUG util.py:463:  authselect-1.5.0-8.el10.x86_64
DEBUG util.py:463:  which-2.21-44.el10_0.x86_64
DEBUG util.py:463:  info-7.1-6.el10.x86_64
DEBUG util.py:463:  ncurses-6.4-15.20240127.el10_1.x86_64
DEBUG util.py:463:  mailcap-2.1.54-8.el10.noarch
DEBUG util.py:463:  groff-base-1.23.0-10.el10.x86_64
DEBUG util.py:463:  perl-Digest-SHA-6.04-512.el10.x86_64
DEBUG util.py:463:  perl-Digest-1.20-511.el10.noarch
DEBUG util.py:463:  perl-Tie-4.6-512.2.el10_0.noarch
DEBUG util.py:463:  perl-GSSAPI-0.28-48.el10.x86_64
DEBUG util.py:463:  perl-Digest-HMAC-1.04-12.el10.noarch
DEBUG util.py:463:  perl-Digest-MD5-2.59-6.el10.x86_64
DEBUG util.py:463:  perl-B-1.89-512.2.el10_0.x86_64
DEBUG util.py:463:  perl-FileHandle-2.05-512.2.el10_0.noarch
DEBUG util.py:463:  perl-Authen-SASL-2.1700-5.el10.noarch
DEBUG util.py:463:  perl-Data-Dumper-2.189-512.el10.x86_64
DEBUG util.py:463:  perl-libnet-3.15-512.el10.noarch
DEBUG util.py:463:  perl-AutoLoader-5.74-512.2.el10_0.noarch
DEBUG util.py:463:  perl-URI-5.27-3.el10.noarch
DEBUG util.py:463:  perl-Text-Tabs+Wrap-2024.001-511.el10.noarch
DEBUG util.py:463:  perl-Mozilla-CA-20231213-5.el10.noarch
DEBUG util.py:463:  perl-if-0.61.000-512.2.el10_0.noarch
DEBUG util.py:463:  perl-locale-1.12-512.2.el10_0.noarch
DEBUG util.py:463:  perl-IO-Socket-IP-0.42-512.el10.noarch
DEBUG util.py:463:  perl-Time-Local-1.350-511.el10.noarch
DEBUG util.py:463:  perl-File-Path-2.18-511.el10.noarch
DEBUG util.py:463:  perl-IO-Socket-SSL-2.085-3.el10.noarch
DEBUG util.py:463:  perl-Net-SSLeay-1.94-8.el10.x86_64
DEBUG util.py:463:  perl-Pod-Escapes-1.07-511.el10.noarch
DEBUG util.py:463:  perl-Class-Struct-0.68-512.2.el10_0.noarch
DEBUG util.py:463:  perl-Term-ANSIColor-5.01-512.el10.noarch
DEBUG util.py:463:  perl-POSIX-2.20-512.2.el10_0.x86_64
DEBUG util.py:463:  perl-IPC-Open3-1.22-512.2.el10_0.noarch
DEBUG util.py:463:  perl-File-Temp-0.231.100-512.el10.noarch
DEBUG util.py:463:  perl-HTTP-Tiny-0.088-512.el10.noarch
DEBUG util.py:463:  perl-Term-Cap-1.18-511.el10.noarch
DEBUG util.py:463:  perl-Pod-Simple-3.45-511.el10.noarch
DEBUG util.py:463:  perl-Socket-2.038-511.el10.x86_64
DEBUG util.py:463:  perl-SelectSaver-1.02-512.2.el10_0.noarch
DEBUG util.py:463:  perl-Symbol-1.09-512.2.el10_0.noarch
DEBUG util.py:463:  perl-File-stat-1.14-512.2.el10_0.noarch
DEBUG util.py:463:  perl-podlators-5.01-511.el10.noarch
DEBUG util.py:463:  perl-Pod-Perldoc-3.28.01-512.el10.noarch
DEBUG util.py:463:  perl-Fcntl-1.18-512.2.el10_0.x86_64
DEBUG util.py:463:  perl-Text-ParseWords-3.31-511.el10.noarch
DEBUG util.py:463:  perl-base-2.27-512.2.el10_0.noarch
DEBUG util.py:463:  perl-mro-1.29-512.2.el10_0.x86_64
DEBUG util.py:463:  perl-IO-1.55-512.2.el10_0.x86_64
DEBUG util.py:463:  perl-overloading-0.02-512.2.el10_0.noarch
DEBUG util.py:463:  perl-Pod-Usage-2.03-511.el10.noarch
DEBUG util.py:463:  perl-Errno-1.38-512.2.el10_0.x86_64
DEBUG util.py:463:  perl-File-Basename-2.86-512.2.el10_0.noarch
DEBUG util.py:463:  perl-Getopt-Std-1.14-512.2.el10_0.noarch
DEBUG util.py:463:  perl-MIME-Base64-3.16-511.el10.x86_64
DEBUG util.py:463:  perl-Scalar-List-Utils-1.63-511.el10.x86_64
DEBUG util.py:463:  perl-constant-1.33-512.el10.noarch
DEBUG util.py:463:  perl-Storable-3.32-511.el10.x86_64
DEBUG util.py:463:  perl-overload-1.37-512.2.el10_0.noarch
DEBUG util.py:463:  perl-parent-0.241-512.el10.noarch
DEBUG util.py:463:  perl-vars-1.05-512.2.el10_0.noarch
DEBUG util.py:463:  perl-Getopt-Long-2.58-3.el10.noarch
DEBUG util.py:463:  perl-Carp-1.54-511.el10.noarch
DEBUG util.py:463:  perl-Exporter-5.78-511.el10.noarch
DEBUG util.py:463:  perl-PathTools-3.91-512.el10.x86_64
DEBUG util.py:463:  perl-DynaLoader-1.56-512.2.el10_0.x86_64
DEBUG util.py:463:  perl-Encode-3.21-511.el10.x86_64
DEBUG util.py:463:  perl-libs-5.40.2-512.2.el10_0.x86_64
DEBUG util.py:463:  perl-interpreter-5.40.2-512.2.el10_0.x86_64
DEBUG util.py:463:  perl-Compress-Raw-Zlib-2.212-512.el10.x86_64
DEBUG util.py:463:  perl-LWP-MediaTypes-6.04-19.el10.noarch
DEBUG util.py:463:  perl-macros-5.40.2-512.2.el10_0.noarch
DEBUG util.py:463:  perl-Clone-0.46-10.el10.x86_64
DEBUG util.py:463:  perl-Compress-Raw-Bzip2-2.212-512.el10.x86_64
DEBUG util.py:463:  perl-IO-Compress-2.212-512.el10.noarch
DEBUG util.py:463:  perl-Net-HTTP-6.23-6.el10.noarch
DEBUG util.py:463:  perl-Convert-ASN1-0.34-5.el10.noarch
DEBUG util.py:463:  perl-Fedora-VSP-0.001-36.el10.noarch
DEBUG util.py:463:  perl-File-Copy-2.41-512.2.el10_0.noarch
DEBUG util.py:463:  perl-HTML-Tagset-3.20-59.el10.noarch
DEBUG util.py:463:  perl-I18N-Langinfo-0.24-512.2.el10_0.x86_64
DEBUG util.py:463:  perl-Encode-Locale-1.05-31.el10.noarch
DEBUG util.py:463:  perl-IO-HTML-1.004-14.el10.noarch
DEBUG util.py:463:  perl-Math-Complex-1.62-512.2.el10_0.noarch
DEBUG util.py:463:  perl-Math-BigInt-2.0030.03-3.el10.noarch
DEBUG util.py:463:  perl-JSON-4.10-7.el10.noarch
DEBUG util.py:463:  perl-Module-Load-0.36-511.el10.noarch
DEBUG util.py:463:  perl-NTLM-1.09-41.el10.noarch
DEBUG util.py:463:  perl-Text-Unidecode-1.30-27.el10.noarch
DEBUG util.py:463:  perl-TimeDate-2.33-16.el10.noarch
DEBUG util.py:463:  perl-HTTP-Date-6.06-6.el10.noarch
DEBUG util.py:463:  perl-HTTP-Message-6.45-5.el10.noarch
DEBUG util.py:463:  perl-HTTP-Negotiate-6.01-40.el10.noarch
DEBUG util.py:463:  perl-HTML-Parser-3.82-3.el10.x86_64
DEBUG util.py:463:  perl-HTTP-Cookies-6.11-5.el10.noarch
DEBUG util.py:463:  perl-File-Listing-6.16-5.el10.noarch
DEBUG util.py:463:  perl-Try-Tiny-0.31-12.el10.noarch
DEBUG util.py:463:  perl-WWW-RobotRules-6.02-41.el10.noarch
DEBUG util.py:463:  perl-deprecate-0.04-512.2.el10_0.noarch
DEBUG util.py:463:  perl-Text-Soundex-3.05-33.el10.x86_64
DEBUG util.py:463:  perl-subs-1.04-512.2.el10_0.noarch
DEBUG util.py:463:  perl-Data-Dump-1.25-13.el10.noarch
DEBUG util.py:463:  perl-libwww-perl-6.76-3.el10.noarch
DEBUG util.py:463:  perl-Digest-MD4-1.9-41.el10_0.x86_64
DEBUG util.py:463:  perl-Crypt-SmbHash-0.12-48.el10.noarch
DEBUG util.py:463:  perl-LDAP-0.68-16.el10.noarch
DEBUG util.py:463:  perl-generators-1.16-7.el10.noarch
DEBUG util.py:463:  perl-English-1.11-512.2.el10_0.noarch
DEBUG util.py:463:  perl-FindBin-1.54-512.2.el10_0.noarch
DEBUG util.py:463:  openssl-3.5.1-7.el10_1.alma.1.x86_64
DEBUG util.py:463:  make-4.4.1-9.el10.x86_64
DEBUG util.py:610:  Child return code was: 0
DEBUG util.py:185:  kill orphans in chroot /var/lib/mock/alma+epel-10-x86_64/root
DEBUG util.py:185:  kill orphans in chroot /var/lib/mock/alma+epel-10-x86_64-bootstrap/root/var/lib/mock/alma+epel-10-x86_64/root
DEBUG util.py:636:  child environment: None
DEBUG util.py:558:  Executing command: ['/bin/umount', '-n', '-l', '/var/lib/mock/alma+epel-10-x86_64-bootstrap/root/var/lib/mock/alma+epel-10-x86_64/root'] with env {'TERM': 'vt100', 'SHELL': '/bin/sh', 'HOME': '/builddir', 'HOSTNAME': 'mock', 'PATH': '/usr/bin:/bin:/usr/sbin:/sbin', 'LANG': 'C.UTF-8'} and shell False
DEBUG util.py:610:  Child return code was: 0
DEBUG util.py:636:  child environment: None
DEBUG util.py:558:  Executing command: ['/bin/umount', '-n', '-l', '/var/lib/mock/alma+epel-10-x86_64-bootstrap/root/var/lib/mock/alma+epel-10-x86_64/root'] with env {'TERM': 'vt100', 'SHELL': '/bin/sh', 'HOME': '/builddir', 'HOSTNAME': 'mock', 'PATH': '/usr/bin:/bin:/usr/sbin:/sbin', 'LANG': 'C.UTF-8'} and shell False
DEBUG util.py:610:  Child return code was: 0
DEBUG util.py:636:  child environment: None
DEBUG file_util.py:17:  ensuring that dir exists: /var/lib/mock/alma+epel-10-x86_64/root/proc
DEBUG util.py:636:  child environment: None
DEBUG util.py:558:  Executing command: ['/bin/mount', '-n', '-t', 'tmpfs', '-o', 'rprivate,mode=0755', 'tmpfs', '/var/lib/mock/alma+epel-10-x86_64/root/proc'] with env {'TERM': 'vt100', 'SHELL': '/bin/sh', 'HOME': '/builddir', 'HOSTNAME': 'mock', 'PATH': '/usr/bin:/bin:/usr/sbin:/sbin', 'LANG': 'C.UTF-8'} and shell False
DEBUG util.py:610:  Child return code was: 0
DEBUG file_util.py:17:  ensuring that dir exists: /var/lib/mock/alma+epel-10-x86_64/root/proc
DEBUG util.py:636:  child environment: None
DEBUG util.py:558:  Executing command: ['/bin/mount', '-n', '-o', 'rbind', '/proc', '/var/lib/mock/alma+epel-10-x86_64/root/proc'] with env {'TERM': 'vt100', 'SHELL': '/bin/sh', 'HOME': '/builddir', 'HOSTNAME': 'mock', 'PATH': '/usr/bin:/bin:/usr/sbin:/sbin', 'LANG': 'C.UTF-8'} and shell False
DEBUG util.py:610:  Child return code was: 0
DEBUG util.py:636:  child environment: None
DEBUG util.py:558:  Executing command: ['/bin/mount', '-n', '-o', 'remount,nodev,noexec,nosuid,readonly,rprivate,rbind', '--target', '/var/lib/mock/alma+epel-10-x86_64/root/proc'] with env {'TERM': 'vt100', 'SHELL': '/bin/sh', 'HOME': '/builddir', 'HOSTNAME': 'mock', 'PATH': '/usr/bin:/bin:/usr/sbin:/sbin', 'LANG': 'C.UTF-8'} and shell False
DEBUG util.py:610:  Child return code was: 0
DEBUG file_util.py:17:  ensuring that dir exists: /var/lib/mock/alma+epel-10-x86_64/root/sys
DEBUG util.py:636:  child environment: None
DEBUG util.py:558:  Executing command: ['/bin/mount', '-n', '-t', 'tmpfs', '-o', 'rprivate,mode=0755', 'tmpfs', '/var/lib/mock/alma+epel-10-x86_64/root/sys'] with env {'TERM': 'vt100', 'SHELL': '/bin/sh', 'HOME': '/builddir', 'HOSTNAME': 'mock', 'PATH': '/usr/bin:/bin:/usr/sbin:/sbin', 'LANG': 'C.UTF-8'} and shell False
DEBUG util.py:610:  Child return code was: 0
DEBUG file_util.py:17:  ensuring that dir exists: /var/lib/mock/alma+epel-10-x86_64/root/sys
DEBUG util.py:636:  child environment: None
DEBUG util.py:558:  Executing command: ['/bin/mount', '-n', '-o', 'rbind', '/sys', '/var/lib/mock/alma+epel-10-x86_64/root/sys'] with env {'TERM': 'vt100', 'SHELL': '/bin/sh', 'HOME': '/builddir', 'HOSTNAME': 'mock', 'PATH': '/usr/bin:/bin:/usr/sbin:/sbin', 'LANG': 'C.UTF-8'} and shell False
DEBUG util.py:610:  Child return code was: 0
DEBUG util.py:636:  child environment: None
DEBUG util.py:558:  Executing command: ['/bin/mount', '-n', '-o', 'remount,nodev,noexec,nosuid,readonly,rprivate,rbind', '--target', '/var/lib/mock/alma+epel-10-x86_64/root/sys'] with env {'TERM': 'vt100', 'SHELL': '/bin/sh', 'HOME': '/builddir', 'HOSTNAME': 'mock', 'PATH': '/usr/bin:/bin:/usr/sbin:/sbin', 'LANG': 'C.UTF-8'} and shell False
DEBUG util.py:610:  Child return code was: 0
DEBUG file_util.py:17:  ensuring that dir exists: /var/lib/mock/alma+epel-10-x86_64/root/dev/shm
DEBUG util.py:636:  child environment: None
DEBUG util.py:558:  Executing command: ['/bin/mount', '-n', '-t', 'tmpfs', 'tmpfs', '/var/lib/mock/alma+epel-10-x86_64/root/dev/shm'] with env {'TERM': 'vt100', 'SHELL': '/bin/sh', 'HOME': '/builddir', 'HOSTNAME': 'mock', 'PATH': '/usr/bin:/bin:/usr/sbin:/sbin', 'LANG': 'C.UTF-8'} and shell False
DEBUG util.py:610:  Child return code was: 0
DEBUG file_util.py:17:  ensuring that dir exists: /var/lib/mock/alma+epel-10-x86_64/root/dev/pts
DEBUG util.py:636:  child environment: None
DEBUG util.py:558:  Executing command: ['/bin/mount', '-n', '-t', 'devpts', '-o', 'gid=5,mode=0620,ptmxmode=0666,newinstance', 'devpts', '/var/lib/mock/alma+epel-10-x86_64/root/dev/pts'] with env {'TERM': 'vt100', 'SHELL': '/bin/sh', 'HOME': '/builddir', 'HOSTNAME': 'mock', 'PATH': '/usr/bin:/bin:/usr/sbin:/sbin', 'LANG': 'C.UTF-8'} and shell False
DEBUG util.py:610:  Child return code was: 0
DEBUG util.py:636:  child environment: None
DEBUG util.py:558:  Executing command: ['/bin/mount', '-n', '-o', 'bind', '/tmp/mock-selinux-plugin.swezp166', '/var/lib/mock/alma+epel-10-x86_64/root/proc/filesystems'] with env {'TERM': 'vt100', 'SHELL': '/bin/sh', 'HOME': '/builddir', 'HOSTNAME': 'mock', 'PATH': '/usr/bin:/bin:/usr/sbin:/sbin', 'LANG': 'C.UTF-8'} and shell False
DEBUG util.py:610:  Child return code was: 0
DEBUG file_util.py:17:  ensuring that dir exists: /var/lib/mock/alma+epel-10-x86_64/root/sys/fs/selinux
DEBUG util.py:636:  child environment: None
DEBUG util.py:558:  Executing command: ['/bin/mount', '-n', '-t', 'tmpfs', 'tmpfs', '/var/lib/mock/alma+epel-10-x86_64/root/sys/fs/selinux'] with env {'TERM': 'vt100', 'SHELL': '/bin/sh', 'HOME': '/builddir', 'HOSTNAME': 'mock', 'PATH': '/usr/bin:/bin:/usr/sbin:/sbin', 'LANG': 'C.UTF-8'} and shell False
DEBUG util.py:610:  Child return code was: 0
DEBUG file_util.py:17:  ensuring that dir exists: /var/lib/mock/alma+epel-10-x86_64-bootstrap/root/var/lib/mock/alma+epel-10-x86_64/root
DEBUG util.py:636:  child environment: None
DEBUG util.py:558:  Executing command: ['/bin/mount', '-n', '-t', 'tmpfs', '-o', 'private,mode=0755', 'tmpfs', '/var/lib/mock/alma+epel-10-x86_64-bootstrap/root/var/lib/mock/alma+epel-10-x86_64/root'] with env {'TERM': 'vt100', 'SHELL': '/bin/sh', 'HOME': '/builddir', 'HOSTNAME': 'mock', 'PATH': '/usr/bin:/bin:/usr/sbin:/sbin', 'LANG': 'C.UTF-8'} and shell False
DEBUG util.py:610:  Child return code was: 0
DEBUG file_util.py:17:  ensuring that dir exists: /var/lib/mock/alma+epel-10-x86_64-bootstrap/root/var/lib/mock/alma+epel-10-x86_64/root
DEBUG util.py:636:  child environment: None
DEBUG util.py:558:  Executing command: ['/bin/mount', '-n', '-o', 'rbind', '/var/lib/mock/alma+epel-10-x86_64/root', '/var/lib/mock/alma+epel-10-x86_64-bootstrap/root/var/lib/mock/alma+epel-10-x86_64/root'] with env {'TERM': 'vt100', 'SHELL': '/bin/sh', 'HOME': '/builddir', 'HOSTNAME': 'mock', 'PATH': '/usr/bin:/bin:/usr/sbin:/sbin', 'LANG': 'C.UTF-8'} and shell False
DEBUG util.py:610:  Child return code was: 0
DEBUG util.py:636:  child environment: None
DEBUG util.py:558:  Executing command: ['/bin/mount', '-n', '-o', 'remount,private,rbind', '--target', '/var/lib/mock/alma+epel-10-x86_64-bootstrap/root/var/lib/mock/alma+epel-10-x86_64/root'] with env {'TERM': 'vt100', 'SHELL': '/bin/sh', 'HOME': '/builddir', 'HOSTNAME': 'mock', 'PATH': '/usr/bin:/bin:/usr/sbin:/sbin', 'LANG': 'C.UTF-8'} and shell False
DEBUG util.py:610:  Child return code was: 0
DEBUG file_util.py:17:  ensuring that dir exists: /var/lib/mock/alma+epel-10-x86_64/root/installation-homedir
DEBUG package_manager.py:295:  ['/usr/bin/dnf-3', 'builddep', '--installroot', '/var/lib/mock/alma+epel-10-x86_64/root/', '--releasever', '10', '--setopt=deltarpm=False', '--setopt=allow_vendor_change=yes', '--allowerasing', '--disableplugin=local', '--disableplugin=spacewalk', '--disableplugin=versionlock', '/var/lib/mock/alma+epel-10-x86_64/root//builddir/build/SRPMS/smbldap-tools-0.9.11-25.el10.src.rpm']
DEBUG util.py:636:  child environment: None
DEBUG util.py:553:  Using nspawn with args ['--capability=cap_ipc_lock', '--bind=/tmp/mock-resolv.fitl_6e6:/etc/resolv.conf']
DEBUG util.py:558:  Executing command: ['/usr/bin/systemd-nspawn', '-q', '-M', '3c2873e3e6a54639b2e237d226e5519a', '-D', '/var/lib/mock/alma+epel-10-x86_64-bootstrap/root', '-a', '--capability=cap_ipc_lock', '--bind=/tmp/mock-resolv.fitl_6e6:/etc/resolv.conf', '--console=pipe', '--setenv=TERM=vt100', '--setenv=SHELL=/bin/bash', '--setenv=HOME=/var/lib/mock/alma+epel-10-x86_64/root/installation-homedir', '--setenv=HOSTNAME=mock', '--setenv=PATH=/usr/bin:/bin:/usr/sbin:/sbin', '--setenv=PROMPT_COMMAND=printf "\\033]0;<mock-chroot>\\007"', '--setenv=PS1=<mock-chroot> \\s-\\v\\$ ', '--setenv=LANG=C.UTF-8', '--setenv=LC_MESSAGES=C.UTF-8', '--resolv-conf=off', '/usr/bin/dnf-3', 'builddep', '--installroot', '/var/lib/mock/alma+epel-10-x86_64/root/', '--releasever', '10', '--setopt=deltarpm=False', '--setopt=allow_vendor_change=yes', '--allowerasing', '--disableplugin=local', '--disableplugin=spacewalk', '--disableplugin=versionlock', '/var/lib/mock/alma+epel-10-x86_64/root//builddir/build/SRPMS/smbldap-tools-0.9.11-25.el10.src.rpm', '--setopt=tsflags=nocontexts'] with env {'TERM': 'vt100', 'SHELL': '/bin/bash', 'HOME': '/var/lib/mock/alma+epel-10-x86_64/root/installation-homedir', 'HOSTNAME': 'mock', 'PATH': '/usr/bin:/bin:/usr/sbin:/sbin', 'PROMPT_COMMAND': 'printf "\\033]0;<mock-chroot>\\007"', 'PS1': '<mock-chroot> \\s-\\v\\$ ', 'LANG': 'C.UTF-8', 'LC_MESSAGES': 'C.UTF-8', 'SYSTEMD_NSPAWN_TMPFS_TMP': '0', 'SYSTEMD_SECCOMP': '0'} and shell False
DEBUG util.py:461:  No matches found for the following disable plugin patterns: local, spacewalk, versionlock
DEBUG util.py:463:  localrepo                                                                                                                                                    2.9 MB/s | 3.0 kB     00:00    
DEBUG util.py:463:  AlmaLinux 10 - BaseOS                                                                                                                                        3.9 kB/s | 3.8 kB     00:00    
DEBUG util.py:463:  AlmaLinux 10 - AppStream                                                                                                                                     4.0 kB/s | 3.8 kB     00:00    
DEBUG util.py:463:  AlmaLinux 10 - CRB                                                                                                                                           3.5 kB/s | 3.8 kB     00:01    
DEBUG util.py:463:  AlmaLinux 10 - Extras                                                                                                                                        3.5 kB/s | 3.3 kB     00:00    
DEBUG util.py:463:  Extra Packages for Enterprise Linux 10 - x86_64                                                                                                               12 kB/s | 9.2 kB     00:00    
DEBUG util.py:463:  Package perl-podlators-1:5.01-511.el10.noarch is already installed.
DEBUG util.py:463:  Package coreutils-9.5-6.el10.x86_64 is already installed.
DEBUG util.py:463:  Package make-1:4.4.1-9.el10.x86_64 is already installed.
DEBUG util.py:463:  Package openssl-1:3.5.1-7.el10_1.alma.1.x86_64 is already installed.
DEBUG util.py:463:  Package perl-Crypt-SmbHash-0.12-48.el10.noarch is already installed.
DEBUG util.py:463:  Package perl-Digest-MD5-2.59-6.el10.x86_64 is already installed.
DEBUG util.py:463:  Package perl-Digest-SHA-1:6.04-512.el10.x86_64 is already installed.
DEBUG util.py:463:  Package perl-Encode-4:3.21-511.el10.x86_64 is already installed.
DEBUG util.py:463:  Package perl-English-1.11-512.2.el10_0.noarch is already installed.
DEBUG util.py:463:  Package perl-Exporter-5.78-511.el10.noarch is already installed.
DEBUG util.py:463:  Package perl-File-Basename-2.86-512.2.el10_0.noarch is already installed.
DEBUG util.py:463:  Package perl-FindBin-1.54-512.2.el10_0.noarch is already installed.
DEBUG util.py:463:  Package perl-Getopt-Long-1:2.58-3.el10.noarch is already installed.
DEBUG util.py:463:  Package perl-Getopt-Std-1.14-512.2.el10_0.noarch is already installed.
DEBUG util.py:463:  Package perl-IO-1.55-512.2.el10_0.x86_64 is already installed.
DEBUG util.py:463:  Package perl-IO-Socket-SSL-2.085-3.el10.noarch is already installed.
DEBUG util.py:463:  Package perl-MIME-Base64-3.16-511.el10.x86_64 is already installed.
DEBUG util.py:463:  Package perl-LDAP-1:0.68-16.el10.noarch is already installed.
DEBUG util.py:463:  Package perl-LDAP-1:0.68-16.el10.noarch is already installed.
DEBUG util.py:463:  Package perl-LDAP-1:0.68-16.el10.noarch is already installed.
DEBUG util.py:463:  Package perl-LDAP-1:0.68-16.el10.noarch is already installed.
DEBUG util.py:463:  Package perl-POSIX-2.20-512.2.el10_0.x86_64 is already installed.
DEBUG util.py:463:  Package perl-Time-Local-2:1.350-511.el10.noarch is already installed.
DEBUG util.py:463:  Package perl-constant-1.33-512.el10.noarch is already installed.
DEBUG util.py:463:  Package perl-libs-4:5.40.2-512.2.el10_0.x86_64 is already installed.
DEBUG util.py:463:  Package perl-vars-1.05-512.2.el10_0.noarch is already installed.
DEBUG util.py:463:  Package perl-libs-4:5.40.2-512.2.el10_0.x86_64 is already installed.
DEBUG util.py:463:  Package perl-generators-1.16-7.el10.noarch is already installed.
DEBUG util.py:463:  Package perl-interpreter-4:5.40.2-512.2.el10_0.x86_64 is already installed.
DEBUG util.py:463:  Package sed-4.9-3.el10.x86_64 is already installed.
DEBUG util.py:463:  Dependencies resolved.
DEBUG util.py:463:  Nothing to do.
DEBUG util.py:463:  Complete!
DEBUG util.py:610:  Child return code was: 0
DEBUG util.py:185:  kill orphans in chroot /var/lib/mock/alma+epel-10-x86_64/root
DEBUG util.py:185:  kill orphans in chroot /var/lib/mock/alma+epel-10-x86_64-bootstrap/root/var/lib/mock/alma+epel-10-x86_64/root
DEBUG util.py:636:  child environment: None
DEBUG util.py:558:  Executing command: ['/bin/umount', '-n', '-l', '/var/lib/mock/alma+epel-10-x86_64-bootstrap/root/var/lib/mock/alma+epel-10-x86_64/root'] with env {'TERM': 'vt100', 'SHELL': '/bin/sh', 'HOME': '/builddir', 'HOSTNAME': 'mock', 'PATH': '/usr/bin:/bin:/usr/sbin:/sbin', 'LANG': 'C.UTF-8'} and shell False
DEBUG util.py:610:  Child return code was: 0
DEBUG util.py:636:  child environment: None
DEBUG util.py:558:  Executing command: ['/bin/umount', '-n', '-l', '/var/lib/mock/alma+epel-10-x86_64-bootstrap/root/var/lib/mock/alma+epel-10-x86_64/root'] with env {'TERM': 'vt100', 'SHELL': '/bin/sh', 'HOME': '/builddir', 'HOSTNAME': 'mock', 'PATH': '/usr/bin:/bin:/usr/sbin:/sbin', 'LANG': 'C.UTF-8'} and shell False
DEBUG util.py:610:  Child return code was: 0
DEBUG util.py:636:  child environment: None
DEBUG util.py:558:  Executing command: ['/bin/umount', '-n', '-l', '/var/lib/mock/alma+epel-10-x86_64/root/sys/fs/selinux'] with env {'TERM': 'vt100', 'SHELL': '/bin/sh', 'HOME': '/builddir', 'HOSTNAME': 'mock', 'PATH': '/usr/bin:/bin:/usr/sbin:/sbin', 'LANG': 'C.UTF-8'} and shell False
DEBUG util.py:610:  Child return code was: 0
DEBUG util.py:636:  child environment: None
DEBUG util.py:558:  Executing command: ['/bin/umount', '-n', '/var/lib/mock/alma+epel-10-x86_64/root/proc/filesystems'] with env {'TERM': 'vt100', 'SHELL': '/bin/sh', 'HOME': '/builddir', 'HOSTNAME': 'mock', 'PATH': '/usr/bin:/bin:/usr/sbin:/sbin', 'LANG': 'C.UTF-8'} and shell False
DEBUG util.py:610:  Child return code was: 0
DEBUG util.py:636:  child environment: None
DEBUG util.py:558:  Executing command: ['/bin/umount', '-n', '-l', '/var/lib/mock/alma+epel-10-x86_64/root/dev/pts'] with env {'TERM': 'vt100', 'SHELL': '/bin/sh', 'HOME': '/builddir', 'HOSTNAME': 'mock', 'PATH': '/usr/bin:/bin:/usr/sbin:/sbin', 'LANG': 'C.UTF-8'} and shell False
DEBUG util.py:610:  Child return code was: 0
DEBUG util.py:636:  child environment: None
DEBUG util.py:558:  Executing command: ['/bin/umount', '-n', '-l', '/var/lib/mock/alma+epel-10-x86_64/root/dev/shm'] with env {'TERM': 'vt100', 'SHELL': '/bin/sh', 'HOME': '/builddir', 'HOSTNAME': 'mock', 'PATH': '/usr/bin:/bin:/usr/sbin:/sbin', 'LANG': 'C.UTF-8'} and shell False
DEBUG util.py:610:  Child return code was: 0
DEBUG util.py:636:  child environment: None
DEBUG util.py:558:  Executing command: ['/bin/umount', '-n', '-l', '/var/lib/mock/alma+epel-10-x86_64/root/sys'] with env {'TERM': 'vt100', 'SHELL': '/bin/sh', 'HOME': '/builddir', 'HOSTNAME': 'mock', 'PATH': '/usr/bin:/bin:/usr/sbin:/sbin', 'LANG': 'C.UTF-8'} and shell False
DEBUG util.py:610:  Child return code was: 0
DEBUG util.py:636:  child environment: None
DEBUG util.py:558:  Executing command: ['/bin/umount', '-n', '-l', '/var/lib/mock/alma+epel-10-x86_64/root/sys'] with env {'TERM': 'vt100', 'SHELL': '/bin/sh', 'HOME': '/builddir', 'HOSTNAME': 'mock', 'PATH': '/usr/bin:/bin:/usr/sbin:/sbin', 'LANG': 'C.UTF-8'} and shell False
DEBUG util.py:610:  Child return code was: 0
DEBUG util.py:636:  child environment: None
DEBUG util.py:558:  Executing command: ['/bin/umount', '-n', '-l', '/var/lib/mock/alma+epel-10-x86_64/root/proc'] with env {'TERM': 'vt100', 'SHELL': '/bin/sh', 'HOME': '/builddir', 'HOSTNAME': 'mock', 'PATH': '/usr/bin:/bin:/usr/sbin:/sbin', 'LANG': 'C.UTF-8'} and shell False
DEBUG util.py:610:  Child return code was: 0
DEBUG util.py:636:  child environment: None
DEBUG util.py:558:  Executing command: ['/bin/umount', '-n', '-l', '/var/lib/mock/alma+epel-10-x86_64/root/proc'] with env {'TERM': 'vt100', 'SHELL': '/bin/sh', 'HOME': '/builddir', 'HOSTNAME': 'mock', 'PATH': '/usr/bin:/bin:/usr/sbin:/sbin', 'LANG': 'C.UTF-8'} and shell False
DEBUG util.py:610:  Child return code was: 0
DEBUG file_util.py:17:  ensuring that dir exists: /var/lib/mock/alma+epel-10-x86_64-bootstrap/root/var/lib/mock/alma+epel-10-x86_64/root
DEBUG util.py:636:  child environment: None
DEBUG util.py:558:  Executing command: ['/bin/mount', '-n', '-t', 'tmpfs', '-o', 'private,mode=0755', 'tmpfs', '/var/lib/mock/alma+epel-10-x86_64-bootstrap/root/var/lib/mock/alma+epel-10-x86_64/root'] with env {'TERM': 'vt100', 'SHELL': '/bin/sh', 'HOME': '/builddir', 'HOSTNAME': 'mock', 'PATH': '/usr/bin:/bin:/usr/sbin:/sbin', 'LANG': 'C.UTF-8'} and shell False
DEBUG util.py:610:  Child return code was: 0
DEBUG file_util.py:17:  ensuring that dir exists: /var/lib/mock/alma+epel-10-x86_64-bootstrap/root/var/lib/mock/alma+epel-10-x86_64/root
DEBUG util.py:636:  child environment: None
DEBUG util.py:558:  Executing command: ['/bin/mount', '-n', '-o', 'rbind', '/var/lib/mock/alma+epel-10-x86_64/root', '/var/lib/mock/alma+epel-10-x86_64-bootstrap/root/var/lib/mock/alma+epel-10-x86_64/root'] with env {'TERM': 'vt100', 'SHELL': '/bin/sh', 'HOME': '/builddir', 'HOSTNAME': 'mock', 'PATH': '/usr/bin:/bin:/usr/sbin:/sbin', 'LANG': 'C.UTF-8'} and shell False
DEBUG util.py:610:  Child return code was: 0
DEBUG util.py:636:  child environment: None
DEBUG util.py:558:  Executing command: ['/bin/mount', '-n', '-o', 'remount,private,rbind', '--target', '/var/lib/mock/alma+epel-10-x86_64-bootstrap/root/var/lib/mock/alma+epel-10-x86_64/root'] with env {'TERM': 'vt100', 'SHELL': '/bin/sh', 'HOME': '/builddir', 'HOSTNAME': 'mock', 'PATH': '/usr/bin:/bin:/usr/sbin:/sbin', 'LANG': 'C.UTF-8'} and shell False
DEBUG util.py:610:  Child return code was: 0
DEBUG util.py:636:  child environment: None
DEBUG util.py:553:  Using nspawn with args ['--capability=cap_ipc_lock', '--bind=/tmp/mock-resolv.fitl_6e6:/etc/resolv.conf']
DEBUG util.py:558:  Executing command: ['/usr/bin/systemd-nspawn', '-q', '-M', 'bb8afb758a004708bdbe8f10d5abd735', '-D', '/var/lib/mock/alma+epel-10-x86_64-bootstrap/root', '-a', '--capability=cap_ipc_lock', '--bind=/tmp/mock-resolv.fitl_6e6:/etc/resolv.conf', '--console=pipe', '--setenv=TERM=vt100', '--setenv=SHELL=/bin/bash', '--setenv=HOME=/builddir', '--setenv=HOSTNAME=mock', '--setenv=PATH=/usr/bin:/bin:/usr/sbin:/sbin', '--setenv=PROMPT_COMMAND=printf "\\033]0;<mock-chroot>\\007"', '--setenv=PS1=<mock-chroot> \\s-\\v\\$ ', '--setenv=LANG=C.UTF-8', '--resolv-conf=off', '/bin/rpm', '-qa', '--root', '/var/lib/mock/alma+epel-10-x86_64/root'] with env {'TERM': 'vt100', 'SHELL': '/bin/bash', 'HOME': '/builddir', 'HOSTNAME': 'mock', 'PATH': '/usr/bin:/bin:/usr/sbin:/sbin', 'PROMPT_COMMAND': 'printf "\\033]0;<mock-chroot>\\007"', 'PS1': '<mock-chroot> \\s-\\v\\$ ', 'LANG': 'C.UTF-8', 'SYSTEMD_NSPAWN_TMPFS_TMP': '0', 'SYSTEMD_SECCOMP': '0'} and shell False
DEBUG util.py:463:  gpg-pubkey-c2a1e572-668fe8ef
DEBUG util.py:463:  gpg-pubkey-e37ed158-65785fa9
DEBUG util.py:463:  libgcc-14.3.1-2.1.el10.alma.1.x86_64
DEBUG util.py:463:  ghc-srpm-macros-1.9.2-1.el10_0.noarch
DEBUG util.py:463:  fpc-srpm-macros-1.3-7.el10_1.noarch
DEBUG util.py:463:  ansible-srpm-macros-1-21.el10_1.noarch
DEBUG util.py:463:  rust-toolset-srpm-macros-1.88.0-1.el10.alma.1.noarch
DEBUG util.py:463:  qt6-srpm-macros-6.9.1-1.el10.noarch
DEBUG util.py:463:  perl-srpm-macros-1-57.el10.noarch
DEBUG util.py:463:  package-notes-srpm-macros-0.5-13.el10.noarch
DEBUG util.py:463:  openblas-srpm-macros-2-19.el10.noarch
DEBUG util.py:463:  ocaml-srpm-macros-10-4.el10.noarch
DEBUG util.py:463:  kernel-srpm-macros-1.0-25.el10.noarch
DEBUG util.py:463:  publicsuffix-list-dafsa-20240107-5.el10.noarch
DEBUG util.py:463:  pkgconf-m4-2.1.0-3.el10.noarch
DEBUG util.py:463:  pcre2-syntax-10.44-1.el10.3.noarch
DEBUG util.py:463:  ncurses-base-6.4-15.20240127.el10_1.noarch
DEBUG util.py:463:  libssh-config-0.11.1-5.el10_1.noarch
DEBUG util.py:463:  coreutils-common-9.5-6.el10.x86_64
DEBUG util.py:463:  almalinux-gpg-keys-10.1-16.el10.x86_64
DEBUG util.py:463:  almalinux-release-10.1-16.el10.x86_64
DEBUG util.py:463:  almalinux-repos-10.1-16.el10.x86_64
DEBUG util.py:463:  setup-2.14.5-7.el10.noarch
DEBUG util.py:463:  filesystem-3.18-17.el10.x86_64
DEBUG util.py:463:  basesystem-11-22.el10.noarch
DEBUG util.py:463:  glibc-gconv-extra-2.39-58.el10_1.7.alma.1.x86_64
DEBUG util.py:463:  ncurses-libs-6.4-15.20240127.el10_1.x86_64
DEBUG util.py:463:  glibc-2.39-58.el10_1.7.alma.1.x86_64
DEBUG util.py:463:  bash-5.2.26-6.el10.x86_64
DEBUG util.py:463:  glibc-common-2.39-58.el10_1.7.alma.1.x86_64
DEBUG util.py:463:  glibc-minimal-langpack-2.39-58.el10_1.7.alma.1.x86_64
DEBUG util.py:463:  zlib-ng-compat-2.2.3-3.el10_1.x86_64
DEBUG util.py:463:  bzip2-libs-1.0.8-25.el10.x86_64
DEBUG util.py:463:  xz-libs-5.6.2-4.el10_0.x86_64
DEBUG util.py:463:  libstdc++-14.3.1-2.1.el10.alma.1.x86_64
DEBUG util.py:463:  libuuid-2.40.2-15.el10_1.x86_64
DEBUG util.py:463:  popt-1.19-8.el10.x86_64
DEBUG util.py:463:  readline-8.2-11.el10.x86_64
DEBUG util.py:463:  libblkid-2.40.2-15.el10_1.x86_64
DEBUG util.py:463:  gmp-6.2.1-12.el10.x86_64
DEBUG util.py:463:  libattr-2.5.2-5.el10.x86_64
DEBUG util.py:463:  libacl-2.3.2-4.el10.x86_64
DEBUG util.py:463:  libxcrypt-4.4.36-10.el10.x86_64
DEBUG util.py:463:  libzstd-1.5.5-9.el10.x86_64
DEBUG util.py:463:  elfutils-libelf-0.193-1.el10.x86_64
DEBUG util.py:463:  crypto-policies-20250905-2.gitc7eb7b2.el10_1.1.noarch
DEBUG util.py:463:  gdbm-libs-1.23-12.el10_0.x86_64
DEBUG util.py:463:  libeconf-0.6.2-4.el10.x86_64
DEBUG util.py:463:  dwz-0.16-1.el10.x86_64
DEBUG util.py:463:  mpfr-4.2.1-5.el10.x86_64
DEBUG util.py:463:  gawk-5.3.0-6.el10.x86_64
DEBUG util.py:463:  unzip-6.0-69.el10.x86_64
DEBUG util.py:463:  file-libs-5.45-8.el10.x86_64
DEBUG util.py:463:  file-5.45-8.el10.x86_64
DEBUG util.py:463:  alternatives-1.30-2.el10.x86_64
DEBUG util.py:463:  jansson-2.14-3.el10.x86_64
DEBUG util.py:463:  libcap-ng-0.8.4-6.el10.x86_64
DEBUG util.py:463:  audit-libs-4.0.3-4.el10.x86_64
DEBUG util.py:463:  pam-libs-1.6.1-8.el10.x86_64
DEBUG util.py:463:  libcap-2.69-7.el10_1.1.x86_64
DEBUG util.py:463:  systemd-libs-257-13.el10.alma.1.x86_64
DEBUG util.py:463:  libffi-3.4.4-10.el10.x86_64
DEBUG util.py:463:  libsepol-3.9-1.el10.x86_64
DEBUG util.py:463:  libsmartcols-2.40.2-15.el10_1.x86_64
DEBUG util.py:463:  libtasn1-4.20.0-1.el10.x86_64
DEBUG util.py:463:  libunistring-1.1-10.el10.x86_64
DEBUG util.py:463:  libidn2-2.3.7-3.el10.x86_64
DEBUG util.py:463:  lua-libs-5.4.6-7.el10.x86_64
DEBUG util.py:463:  lz4-libs-1.9.4-8.el10.x86_64
DEBUG util.py:463:  pcre2-10.44-1.el10.3.x86_64
DEBUG util.py:463:  libselinux-3.9-1.el10.x86_64
DEBUG util.py:463:  sed-4.9-3.el10.x86_64
DEBUG util.py:463:  findutils-4.10.0-5.el10.x86_64
DEBUG util.py:463:  grep-3.11-10.el10.x86_64
DEBUG util.py:463:  xz-5.6.2-4.el10_0.x86_64
DEBUG util.py:463:  libmount-2.40.2-15.el10_1.x86_64
DEBUG util.py:463:  util-linux-core-2.40.2-15.el10_1.x86_64
DEBUG util.py:463:  libsemanage-3.9-1.el10.x86_64
DEBUG util.py:463:  shadow-utils-4.15.0-10.el10_1.x86_64
DEBUG util.py:463:  libutempter-1.2.1-15.el10.x86_64
DEBUG util.py:463:  tar-1.35-9.el10_1.x86_64
DEBUG util.py:463:  zstd-1.5.5-9.el10.x86_64
DEBUG util.py:463:  libpsl-0.21.5-6.el10.x86_64
DEBUG util.py:463:  p11-kit-0.25.5-7.el10.x86_64
DEBUG util.py:463:  p11-kit-trust-0.25.5-7.el10.x86_64
DEBUG util.py:463:  openssl-fips-provider-3.5.1-7.el10_1.alma.1.x86_64
DEBUG util.py:463:  openssl-libs-3.5.1-7.el10_1.alma.1.x86_64
DEBUG util.py:463:  coreutils-9.5-6.el10.x86_64
DEBUG util.py:463:  ca-certificates-2025.2.80_v9.0.305-102.el10_1.noarch
DEBUG util.py:463:  authselect-libs-1.5.0-8.el10.x86_64
DEBUG util.py:463:  gzip-1.13-3.el10.x86_64
DEBUG util.py:463:  cracklib-2.9.11-8.el10.x86_64
DEBUG util.py:463:  cracklib-dicts-2.9.11-8.el10.x86_64
DEBUG util.py:463:  libpwquality-1.4.5-12.el10.x86_64
DEBUG util.py:463:  libevent-2.1.12-16.el10.x86_64
DEBUG util.py:463:  rpm-sequoia-1.9.0.3-1.el10_1.x86_64
DEBUG util.py:463:  zip-3.0-45.el10.x86_64
DEBUG util.py:463:  cyrus-sasl-lib-2.1.28-29.el10.x86_64
DEBUG util.py:463:  openldap-2.6.9-1.el10.x86_64
DEBUG util.py:463:  gdbm-1.23-12.el10_0.x86_64
DEBUG util.py:463:  pam-1.6.1-8.el10.x86_64
DEBUG util.py:463:  libfdisk-2.40.2-15.el10_1.x86_64
DEBUG util.py:463:  libxml2-2.12.5-9.el10_0.x86_64
DEBUG util.py:463:  libarchive-3.7.7-8.el10_1.x86_64
DEBUG util.py:463:  bzip2-1.0.8-25.el10.x86_64
DEBUG util.py:463:  sqlite-libs-3.46.1-5.el10_1.x86_64
DEBUG util.py:463:  rpm-libs-4.19.1.1-20.el10.alma.1.x86_64
DEBUG util.py:463:  ed-1.20-5.el10.x86_64
DEBUG util.py:463:  patch-2.7.6-26.el10.x86_64
DEBUG util.py:463:  elfutils-default-yama-scope-0.193-1.el10.noarch
DEBUG util.py:463:  cpio-2.15-3.el10.x86_64
DEBUG util.py:463:  diffutils-3.10-8.el10.x86_64
DEBUG util.py:463:  json-c-0.18-3.el10.x86_64
DEBUG util.py:463:  keyutils-libs-1.6.3-5.el10.x86_64
DEBUG util.py:463:  libbrotli-1.1.0-7.el10_1.x86_64
DEBUG util.py:463:  libcom_err-1.47.1-4.el10.x86_64
DEBUG util.py:463:  libgomp-14.3.1-2.1.el10.alma.1.x86_64
DEBUG util.py:463:  libnghttp2-1.64.0-2.el10_1.1.x86_64
DEBUG util.py:463:  libpkgconf-2.1.0-3.el10.x86_64
DEBUG util.py:463:  pkgconf-2.1.0-3.el10.x86_64
DEBUG util.py:463:  pkgconf-pkg-config-2.1.0-3.el10.x86_64
DEBUG util.py:463:  libverto-0.3.2-10.el10.x86_64
DEBUG util.py:463:  krb5-libs-1.21.3-9.el10_1.x86_64
DEBUG util.py:463:  libssh-0.11.1-5.el10_1.x86_64
DEBUG util.py:463:  libcurl-8.12.1-2.el10_1.2.x86_64
DEBUG util.py:463:  elfutils-libs-0.193-1.el10.x86_64
DEBUG util.py:463:  elfutils-debuginfod-client-0.193-1.el10.x86_64
DEBUG util.py:463:  binutils-gold-2.41-58.el10_1.2.alma.1.x86_64
DEBUG util.py:463:  binutils-2.41-58.el10_1.2.alma.1.x86_64
DEBUG util.py:463:  elfutils-0.193-1.el10.x86_64
DEBUG util.py:463:  gdb-minimal-16.3-2.el10.x86_64
DEBUG util.py:463:  debugedit-5.1-8.el10.x86_64
DEBUG util.py:463:  rpm-build-libs-4.19.1.1-20.el10.alma.1.x86_64
DEBUG util.py:463:  curl-8.12.1-2.el10_1.2.x86_64
DEBUG util.py:463:  rpm-4.19.1.1-20.el10.alma.1.x86_64
DEBUG util.py:463:  efi-srpm-macros-6-6.el10.alma.1.noarch
DEBUG util.py:463:  lua-srpm-macros-1-15.el10.noarch
DEBUG util.py:463:  fonts-srpm-macros-2.0.5-18.el10.noarch
DEBUG util.py:463:  forge-srpm-macros-0.4.0-6.el10.noarch
DEBUG util.py:463:  go-srpm-macros-3.6.0-8.el10_1.noarch
DEBUG util.py:463:  python-srpm-macros-3.12-10.el10.noarch
DEBUG util.py:463:  redhat-rpm-config-293-1.el10.alma.2.noarch
DEBUG util.py:463:  rpm-build-4.19.1.1-20.el10.alma.1.x86_64
DEBUG util.py:463:  pyproject-srpm-macros-1.16.2-1.el10.noarch
DEBUG util.py:463:  R-srpm-macros-1.3.7-1.el10_1.noarch
DEBUG util.py:463:  epel-rpm-macros-10-7.el10_1.noarch
DEBUG util.py:463:  util-linux-2.40.2-15.el10_1.x86_64
DEBUG util.py:463:  authselect-1.5.0-8.el10.x86_64
DEBUG util.py:463:  which-2.21-44.el10_0.x86_64
DEBUG util.py:463:  info-7.1-6.el10.x86_64
DEBUG util.py:463:  ncurses-6.4-15.20240127.el10_1.x86_64
DEBUG util.py:463:  mailcap-2.1.54-8.el10.noarch
DEBUG util.py:463:  groff-base-1.23.0-10.el10.x86_64
DEBUG util.py:463:  perl-Digest-SHA-6.04-512.el10.x86_64
DEBUG util.py:463:  perl-Digest-1.20-511.el10.noarch
DEBUG util.py:463:  perl-Tie-4.6-512.2.el10_0.noarch
DEBUG util.py:463:  perl-GSSAPI-0.28-48.el10.x86_64
DEBUG util.py:463:  perl-Digest-HMAC-1.04-12.el10.noarch
DEBUG util.py:463:  perl-Digest-MD5-2.59-6.el10.x86_64
DEBUG util.py:463:  perl-B-1.89-512.2.el10_0.x86_64
DEBUG util.py:463:  perl-FileHandle-2.05-512.2.el10_0.noarch
DEBUG util.py:463:  perl-Authen-SASL-2.1700-5.el10.noarch
DEBUG util.py:463:  perl-Data-Dumper-2.189-512.el10.x86_64
DEBUG util.py:463:  perl-libnet-3.15-512.el10.noarch
DEBUG util.py:463:  perl-AutoLoader-5.74-512.2.el10_0.noarch
DEBUG util.py:463:  perl-URI-5.27-3.el10.noarch
DEBUG util.py:463:  perl-Text-Tabs+Wrap-2024.001-511.el10.noarch
DEBUG util.py:463:  perl-Mozilla-CA-20231213-5.el10.noarch
DEBUG util.py:463:  perl-if-0.61.000-512.2.el10_0.noarch
DEBUG util.py:463:  perl-locale-1.12-512.2.el10_0.noarch
DEBUG util.py:463:  perl-IO-Socket-IP-0.42-512.el10.noarch
DEBUG util.py:463:  perl-Time-Local-1.350-511.el10.noarch
DEBUG util.py:463:  perl-File-Path-2.18-511.el10.noarch
DEBUG util.py:463:  perl-IO-Socket-SSL-2.085-3.el10.noarch
DEBUG util.py:463:  perl-Net-SSLeay-1.94-8.el10.x86_64
DEBUG util.py:463:  perl-Pod-Escapes-1.07-511.el10.noarch
DEBUG util.py:463:  perl-Class-Struct-0.68-512.2.el10_0.noarch
DEBUG util.py:463:  perl-Term-ANSIColor-5.01-512.el10.noarch
DEBUG util.py:463:  perl-POSIX-2.20-512.2.el10_0.x86_64
DEBUG util.py:463:  perl-IPC-Open3-1.22-512.2.el10_0.noarch
DEBUG util.py:463:  perl-File-Temp-0.231.100-512.el10.noarch
DEBUG util.py:463:  perl-HTTP-Tiny-0.088-512.el10.noarch
DEBUG util.py:463:  perl-Term-Cap-1.18-511.el10.noarch
DEBUG util.py:463:  perl-Pod-Simple-3.45-511.el10.noarch
DEBUG util.py:463:  perl-Socket-2.038-511.el10.x86_64
DEBUG util.py:463:  perl-SelectSaver-1.02-512.2.el10_0.noarch
DEBUG util.py:463:  perl-Symbol-1.09-512.2.el10_0.noarch
DEBUG util.py:463:  perl-File-stat-1.14-512.2.el10_0.noarch
DEBUG util.py:463:  perl-podlators-5.01-511.el10.noarch
DEBUG util.py:463:  perl-Pod-Perldoc-3.28.01-512.el10.noarch
DEBUG util.py:463:  perl-Fcntl-1.18-512.2.el10_0.x86_64
DEBUG util.py:463:  perl-Text-ParseWords-3.31-511.el10.noarch
DEBUG util.py:463:  perl-base-2.27-512.2.el10_0.noarch
DEBUG util.py:463:  perl-mro-1.29-512.2.el10_0.x86_64
DEBUG util.py:463:  perl-IO-1.55-512.2.el10_0.x86_64
DEBUG util.py:463:  perl-overloading-0.02-512.2.el10_0.noarch
DEBUG util.py:463:  perl-Pod-Usage-2.03-511.el10.noarch
DEBUG util.py:463:  perl-Errno-1.38-512.2.el10_0.x86_64
DEBUG util.py:463:  perl-File-Basename-2.86-512.2.el10_0.noarch
DEBUG util.py:463:  perl-Getopt-Std-1.14-512.2.el10_0.noarch
DEBUG util.py:463:  perl-MIME-Base64-3.16-511.el10.x86_64
DEBUG util.py:463:  perl-Scalar-List-Utils-1.63-511.el10.x86_64
DEBUG util.py:463:  perl-constant-1.33-512.el10.noarch
DEBUG util.py:463:  perl-Storable-3.32-511.el10.x86_64
DEBUG util.py:463:  perl-overload-1.37-512.2.el10_0.noarch
DEBUG util.py:463:  perl-parent-0.241-512.el10.noarch
DEBUG util.py:463:  perl-vars-1.05-512.2.el10_0.noarch
DEBUG util.py:463:  perl-Getopt-Long-2.58-3.el10.noarch
DEBUG util.py:463:  perl-Carp-1.54-511.el10.noarch
DEBUG util.py:463:  perl-Exporter-5.78-511.el10.noarch
DEBUG util.py:463:  perl-PathTools-3.91-512.el10.x86_64
DEBUG util.py:463:  perl-DynaLoader-1.56-512.2.el10_0.x86_64
DEBUG util.py:463:  perl-Encode-3.21-511.el10.x86_64
DEBUG util.py:463:  perl-libs-5.40.2-512.2.el10_0.x86_64
DEBUG util.py:463:  perl-interpreter-5.40.2-512.2.el10_0.x86_64
DEBUG util.py:463:  perl-Compress-Raw-Zlib-2.212-512.el10.x86_64
DEBUG util.py:463:  perl-LWP-MediaTypes-6.04-19.el10.noarch
DEBUG util.py:463:  perl-macros-5.40.2-512.2.el10_0.noarch
DEBUG util.py:463:  perl-Clone-0.46-10.el10.x86_64
DEBUG util.py:463:  perl-Compress-Raw-Bzip2-2.212-512.el10.x86_64
DEBUG util.py:463:  perl-IO-Compress-2.212-512.el10.noarch
DEBUG util.py:463:  perl-Net-HTTP-6.23-6.el10.noarch
DEBUG util.py:463:  perl-Convert-ASN1-0.34-5.el10.noarch
DEBUG util.py:463:  perl-Fedora-VSP-0.001-36.el10.noarch
DEBUG util.py:463:  perl-File-Copy-2.41-512.2.el10_0.noarch
DEBUG util.py:463:  perl-HTML-Tagset-3.20-59.el10.noarch
DEBUG util.py:463:  perl-I18N-Langinfo-0.24-512.2.el10_0.x86_64
DEBUG util.py:463:  perl-Encode-Locale-1.05-31.el10.noarch
DEBUG util.py:463:  perl-IO-HTML-1.004-14.el10.noarch
DEBUG util.py:463:  perl-Math-Complex-1.62-512.2.el10_0.noarch
DEBUG util.py:463:  perl-Math-BigInt-2.0030.03-3.el10.noarch
DEBUG util.py:463:  perl-JSON-4.10-7.el10.noarch
DEBUG util.py:463:  perl-Module-Load-0.36-511.el10.noarch
DEBUG util.py:463:  perl-NTLM-1.09-41.el10.noarch
DEBUG util.py:463:  perl-Text-Unidecode-1.30-27.el10.noarch
DEBUG util.py:463:  perl-TimeDate-2.33-16.el10.noarch
DEBUG util.py:463:  perl-HTTP-Date-6.06-6.el10.noarch
DEBUG util.py:463:  perl-HTTP-Message-6.45-5.el10.noarch
DEBUG util.py:463:  perl-HTTP-Negotiate-6.01-40.el10.noarch
DEBUG util.py:463:  perl-HTML-Parser-3.82-3.el10.x86_64
DEBUG util.py:463:  perl-HTTP-Cookies-6.11-5.el10.noarch
DEBUG util.py:463:  perl-File-Listing-6.16-5.el10.noarch
DEBUG util.py:463:  perl-Try-Tiny-0.31-12.el10.noarch
DEBUG util.py:463:  perl-WWW-RobotRules-6.02-41.el10.noarch
DEBUG util.py:463:  perl-deprecate-0.04-512.2.el10_0.noarch
DEBUG util.py:463:  perl-Text-Soundex-3.05-33.el10.x86_64
DEBUG util.py:463:  perl-subs-1.04-512.2.el10_0.noarch
DEBUG util.py:463:  perl-Data-Dump-1.25-13.el10.noarch
DEBUG util.py:463:  perl-libwww-perl-6.76-3.el10.noarch
DEBUG util.py:463:  perl-Digest-MD4-1.9-41.el10_0.x86_64
DEBUG util.py:463:  perl-Crypt-SmbHash-0.12-48.el10.noarch
DEBUG util.py:463:  perl-LDAP-0.68-16.el10.noarch
DEBUG util.py:463:  perl-generators-1.16-7.el10.noarch
DEBUG util.py:463:  perl-English-1.11-512.2.el10_0.noarch
DEBUG util.py:463:  perl-FindBin-1.54-512.2.el10_0.noarch
DEBUG util.py:463:  openssl-3.5.1-7.el10_1.alma.1.x86_64
DEBUG util.py:463:  make-4.4.1-9.el10.x86_64
DEBUG util.py:610:  Child return code was: 0
DEBUG util.py:185:  kill orphans in chroot /var/lib/mock/alma+epel-10-x86_64/root
DEBUG util.py:185:  kill orphans in chroot /var/lib/mock/alma+epel-10-x86_64-bootstrap/root/var/lib/mock/alma+epel-10-x86_64/root
DEBUG util.py:636:  child environment: None
DEBUG util.py:558:  Executing command: ['/bin/umount', '-n', '-l', '/var/lib/mock/alma+epel-10-x86_64-bootstrap/root/var/lib/mock/alma+epel-10-x86_64/root'] with env {'TERM': 'vt100', 'SHELL': '/bin/sh', 'HOME': '/builddir', 'HOSTNAME': 'mock', 'PATH': '/usr/bin:/bin:/usr/sbin:/sbin', 'LANG': 'C.UTF-8'} and shell False
DEBUG util.py:610:  Child return code was: 0
DEBUG util.py:636:  child environment: None
DEBUG util.py:558:  Executing command: ['/bin/umount', '-n', '-l', '/var/lib/mock/alma+epel-10-x86_64-bootstrap/root/var/lib/mock/alma+epel-10-x86_64/root'] with env {'TERM': 'vt100', 'SHELL': '/bin/sh', 'HOME': '/builddir', 'HOSTNAME': 'mock', 'PATH': '/usr/bin:/bin:/usr/sbin:/sbin', 'LANG': 'C.UTF-8'} and shell False
DEBUG util.py:610:  Child return code was: 0
DEBUG file_util.py:17:  ensuring that dir exists: /var/lib/mock/alma+epel-10-x86_64-bootstrap/root/var/lib/mock/alma+epel-10-x86_64/root
DEBUG util.py:636:  child environment: None
DEBUG util.py:558:  Executing command: ['/bin/mount', '-n', '-t', 'tmpfs', '-o', 'private,mode=0755', 'tmpfs', '/var/lib/mock/alma+epel-10-x86_64-bootstrap/root/var/lib/mock/alma+epel-10-x86_64/root'] with env {'TERM': 'vt100', 'SHELL': '/bin/sh', 'HOME': '/builddir', 'HOSTNAME': 'mock', 'PATH': '/usr/bin:/bin:/usr/sbin:/sbin', 'LANG': 'C.UTF-8'} and shell False
DEBUG util.py:610:  Child return code was: 0
DEBUG file_util.py:17:  ensuring that dir exists: /var/lib/mock/alma+epel-10-x86_64-bootstrap/root/var/lib/mock/alma+epel-10-x86_64/root
DEBUG util.py:636:  child environment: None
DEBUG util.py:558:  Executing command: ['/bin/mount', '-n', '-o', 'rbind', '/var/lib/mock/alma+epel-10-x86_64/root', '/var/lib/mock/alma+epel-10-x86_64-bootstrap/root/var/lib/mock/alma+epel-10-x86_64/root'] with env {'TERM': 'vt100', 'SHELL': '/bin/sh', 'HOME': '/builddir', 'HOSTNAME': 'mock', 'PATH': '/usr/bin:/bin:/usr/sbin:/sbin', 'LANG': 'C.UTF-8'} and shell False
DEBUG util.py:610:  Child return code was: 0
DEBUG util.py:636:  child environment: None
DEBUG util.py:558:  Executing command: ['/bin/mount', '-n', '-o', 'remount,private,rbind', '--target', '/var/lib/mock/alma+epel-10-x86_64-bootstrap/root/var/lib/mock/alma+epel-10-x86_64/root'] with env {'TERM': 'vt100', 'SHELL': '/bin/sh', 'HOME': '/builddir', 'HOSTNAME': 'mock', 'PATH': '/usr/bin:/bin:/usr/sbin:/sbin', 'LANG': 'C.UTF-8'} and shell False
DEBUG util.py:610:  Child return code was: 0
DEBUG util.py:636:  child environment: None
DEBUG util.py:553:  Using nspawn with args ['--capability=cap_ipc_lock', '--bind=/tmp/mock-resolv.fitl_6e6:/etc/resolv.conf']
DEBUG util.py:558:  Executing command: ['/usr/bin/systemd-nspawn', '-q', '-M', 'a6ac753bcc4d486f8dc2362e23ae5a8e', '-D', '/var/lib/mock/alma+epel-10-x86_64-bootstrap/root', '-a', '--capability=cap_ipc_lock', '--bind=/tmp/mock-resolv.fitl_6e6:/etc/resolv.conf', '--console=pipe', '--setenv=TERM=vt100', '--setenv=SHELL=/bin/bash', '--setenv=HOME=/builddir', '--setenv=HOSTNAME=mock', '--setenv=PATH=/usr/bin:/bin:/usr/sbin:/sbin', '--setenv=PROMPT_COMMAND=printf "\\033]0;<mock-chroot>\\007"', '--setenv=PS1=<mock-chroot> \\s-\\v\\$ ', '--setenv=LANG=C.UTF-8', '--resolv-conf=off', '/bin/sh', '-c', "rpm -qa --root '/var/lib/mock/alma+epel-10-x86_64/root' --qf '%{nevra} %{buildtime} %{size} %{pkgid} installed\\n'"] with env {'TERM': 'vt100', 'SHELL': '/bin/bash', 'HOME': '/builddir', 'HOSTNAME': 'mock', 'PATH': '/usr/bin:/bin:/usr/sbin:/sbin', 'PROMPT_COMMAND': 'printf "\\033]0;<mock-chroot>\\007"', 'PS1': '<mock-chroot> \\s-\\v\\$ ', 'LANG': 'C.UTF-8', 'SYSTEMD_NSPAWN_TMPFS_TMP': '0', 'SYSTEMD_SECCOMP': '0'} and shell False
DEBUG util.py:463:  gpg-pubkey-c2a1e572-668fe8ef 1720707311 0 (none) installed
DEBUG util.py:463:  gpg-pubkey-e37ed158-65785fa9 1702387625 0 (none) installed
DEBUG util.py:463:  libgcc-14.3.1-2.1.el10.alma.1.x86_64 1751356599 277156 7f3e98981761d63831d8642504b36b94 installed
DEBUG util.py:463:  ghc-srpm-macros-1.9.2-1.el10_0.noarch 1745569162 779 625f9b093fee9bb0f6c830c41d176111 installed
DEBUG util.py:463:  fpc-srpm-macros-1.3-7.el10_1.noarch 1755334968 144 0a58f44f776d4ea0ffce09c1bbaa8ca3 installed
DEBUG util.py:463:  ansible-srpm-macros-1-21.el10_1.noarch 1775683794 36518 d42a69a811ea4cba7d426884ea89e37d installed
DEBUG util.py:463:  rust-toolset-srpm-macros-1.88.0-1.el10.alma.1.noarch 1753261760 2058 959def772e699c71f18c955f54de8abe installed
DEBUG util.py:463:  qt6-srpm-macros-6.9.1-1.el10.noarch 1750327839 464 e30c642e83c1b91151a51bce3b8b840e installed
DEBUG util.py:463:  perl-srpm-macros-1-57.el10.noarch 1734187617 861 3f5c5db2565569d4dace4c85bea37804 installed
DEBUG util.py:463:  package-notes-srpm-macros-0.5-13.el10.noarch 1734185638 1601 3cde60bb10b67a9550ccb1ae9aa8ac6a installed
DEBUG util.py:463:  openblas-srpm-macros-2-19.el10.noarch 1733929368 112 6993787a9cab21e9aab85c30a0bd442b installed
DEBUG util.py:463:  ocaml-srpm-macros-10-4.el10.noarch 1733929149 1959 a610b0ad19679654a9af8575d4e8923c installed
DEBUG util.py:463:  kernel-srpm-macros-1.0-25.el10.noarch 1733929572 1949 153b23969aebfb6b4a364d8467a12f58 installed
DEBUG util.py:463:  publicsuffix-list-dafsa-20240107-5.el10.noarch 1734189502 69171 c775084ba1b508126c5745a0778064b3 installed
DEBUG util.py:463:  pkgconf-m4-2.1.0-3.el10.noarch 1734174077 14252 b3c32290e4f1543b14dc83a4c2513db2 installed
DEBUG util.py:463:  pcre2-syntax-10.44-1.el10.3.noarch 1734183240 257634 ccd27752f168a8b7672bfe7e68744cd1 installed
DEBUG util.py:463:  ncurses-base-6.4-15.20240127.el10_1.noarch 1774527579 334036 fe651a52c8f62374dbbc28b771121270 installed
DEBUG util.py:463:  libssh-config-0.11.1-5.el10_1.noarch 1766022833 277 8826de8d2a759ee158e2c3a6012122c9 installed
DEBUG util.py:463:  coreutils-common-9.5-6.el10.x86_64 1736715611 11696153 6842d386f1229ba86caf594199bd6dae installed
DEBUG util.py:463:  almalinux-gpg-keys-10.1-16.el10.x86_64 1762948402 1652 08671dd46bf1a7bd6939fe09f4b539f8 installed
DEBUG util.py:463:  almalinux-release-10.1-16.el10.x86_64 1762948402 36590 7aeddc6614fdeac19f9655ae95aa167f installed
DEBUG util.py:463:  almalinux-repos-10.1-16.el10.x86_64 1762948402 8842 57e7eb32d7cbb2d3f3053d9f27bb84bf installed
DEBUG util.py:463:  setup-2.14.5-7.el10.noarch 1749151765 737783 26a8c05f8f1bbf593e4be89452a0e7e6 installed
DEBUG util.py:463:  filesystem-3.18-17.el10.x86_64 1752686252 106 cd099c7ded56a34afeb19303409768fe installed
DEBUG util.py:463:  basesystem-11-22.el10.noarch 1734045537 0 595b21c06f70147e1cbd931fd91c5943 installed
DEBUG util.py:463:  glibc-gconv-extra-2.39-58.el10_1.7.alma.1.x86_64 1769605585 8166062 0c7e744d42a98a7b7b850764a6af5d73 installed
DEBUG util.py:463:  ncurses-libs-6.4-15.20240127.el10_1.x86_64 1774527582 985279 26a618ec26f38b75cefd2bae38d88474 installed
DEBUG util.py:463:  glibc-2.39-58.el10_1.7.alma.1.x86_64 1769605585 6531650 25135d99e5c45f9578301cd1932659d5 installed
DEBUG util.py:463:  bash-5.2.26-6.el10.x86_64 1741028594 8546555 33ee7b72828d90fb415b67bd18703f74 installed
DEBUG util.py:463:  glibc-common-2.39-58.el10_1.7.alma.1.x86_64 1769605585 1077042 2b09065514328f6dae2fd8990494df9c installed
DEBUG util.py:463:  glibc-minimal-langpack-2.39-58.el10_1.7.alma.1.x86_64 1769605585 0 3b79ef52b56635a745f3645c4c5be652 installed
DEBUG util.py:463:  zlib-ng-compat-2.2.3-3.el10_1.x86_64 1770277085 144984 28b459adb24241e9517e1ce78666c920 installed
DEBUG util.py:463:  bzip2-libs-1.0.8-25.el10.x86_64 1739793622 82508 e5f6720795f36889b359c475e483f7ef installed
DEBUG util.py:463:  xz-libs-1:5.6.2-4.el10_0.x86_64 1747270625 219435 608b2b9f10f7620cefdac9352fb63534 installed
DEBUG util.py:463:  libstdc++-14.3.1-2.1.el10.alma.1.x86_64 1751356599 2974185 69caa4fceac4520899d978a4af9567ba installed
DEBUG util.py:463:  libuuid-2.40.2-15.el10_1.x86_64 1770031709 38205 72960e4e9d7c87729fcc22402245b50d installed
DEBUG util.py:463:  popt-1.19-8.el10.x86_64 1734182146 140018 256fddaef6554f1f6ceb555943d5fe6f installed
DEBUG util.py:463:  readline-8.2-11.el10.x86_64 1734229259 500661 174639cbdc16be685c086ca7266bcd9c installed
DEBUG util.py:463:  libblkid-2.40.2-15.el10_1.x86_64 1770031709 268738 88b818ba277709c4dca5b883bdb43fbb installed
DEBUG util.py:463:  gmp-1:6.2.1-12.el10.x86_64 1751972776 821624 bbbc524d3ab91f5edafea5f166b1e8e0 installed
DEBUG util.py:463:  libattr-2.5.2-5.el10.x86_64 1734026062 29069 b2341171bda83939715030ce5d108165 installed
DEBUG util.py:463:  libacl-2.3.2-4.el10.x86_64 1734043789 40850 ebe8226da4e171577d0bbab67b7312a4 installed
DEBUG util.py:463:  libxcrypt-4.4.36-10.el10.x86_64 1733850318 269013 8d8e6f919abfb562e078733ba4769d67 installed
DEBUG util.py:463:  libzstd-1.5.5-9.el10.x86_64 1734225610 757350 2cd1680b7ef732c54728aa04789e0e99 installed
DEBUG util.py:463:  elfutils-libelf-0.193-1.el10.x86_64 1746572644 1220568 65b0281ca4b5d9720218968cb25b6d07 installed
DEBUG util.py:463:  crypto-policies-20250905-2.gitc7eb7b2.el10_1.1.noarch 1770233658 122169 f8a88274f43132941ff87803856dff9b installed
DEBUG util.py:463:  gdbm-libs-1:1.23-12.el10_0.x86_64 1747265717 124802 2316777b35d417be0789a01d1ee525be installed
DEBUG util.py:463:  libeconf-0.6.2-4.el10.x86_64 1733853768 59264 208d3c26163ea7bed300f522617cdb01 installed
DEBUG util.py:463:  dwz-0.16-1.el10.x86_64 1752668350 301844 16929aa2620f73511ea34b15d5a4e5d2 installed
DEBUG util.py:463:  mpfr-4.2.1-5.el10.x86_64 1734113351 860077 e2a60b01d2cf6e4cbf33a19968abfd2a installed
DEBUG util.py:463:  gawk-5.3.0-6.el10.x86_64 1739945434 1793472 c366fdd2469a3c534eda3a19ab2f3cdd installed
DEBUG util.py:463:  unzip-6.0-69.el10.x86_64 1750333114 411923 5a44502ca6a83b2f861ead7e8ab1166a installed
DEBUG util.py:463:  file-libs-5.45-8.el10.x86_64 1753301445 10414622 00633f9f55d95b9271c0359d8b41d192 installed
DEBUG util.py:463:  file-5.45-8.el10.x86_64 1753301445 105823 50b6be83ae8f46b88ba73cce35a3d30a installed
DEBUG util.py:463:  alternatives-1.30-2.el10.x86_64 1734038722 67745 3e47e765b3c0ab2f3cb590294ca38da0 installed
DEBUG util.py:463:  jansson-2.14-3.el10.x86_64 1734103152 91133 3d49634d0f323df9ddd1cdf2390e9bac installed
DEBUG util.py:463:  libcap-ng-0.8.4-6.el10.x86_64 1733842566 70563 702388695e018fc6547ae8bbabd66b1f installed
DEBUG util.py:463:  audit-libs-4.0.3-4.el10.x86_64 1744790428 367729 acdd1ed664165421a266395667099f43 installed
DEBUG util.py:463:  pam-libs-1.6.1-8.el10.x86_64 1751974076 137911 63b9925bbd9071afcff7a50c91364968 installed
DEBUG util.py:463:  libcap-2.69-7.el10_1.1.x86_64 1777590348 223967 ba16d72c69ea5f6df7f5107046bafe20 installed
DEBUG util.py:463:  systemd-libs-257-13.el10.alma.1.x86_64 1755595823 2386754 01a2639db154714fb31b8c66f8558823 installed
DEBUG util.py:463:  libffi-3.4.4-10.el10.x86_64 1747823536 87528 c80b924edecab6dabffeed80b4927ada installed
DEBUG util.py:463:  libsepol-3.9-1.el10.x86_64 1755077920 849627 48c8a1d3f9fc6311af20a32bead5e17b installed
DEBUG util.py:463:  libsmartcols-2.40.2-15.el10_1.x86_64 1770031709 184594 de92600322020ce6a7850e3c6ed3986d installed
DEBUG util.py:463:  libtasn1-4.20.0-1.el10.x86_64 1741031041 180507 dd52d7a2ad9da1a5dccbb6d9097c66af installed
DEBUG util.py:463:  libunistring-1.1-10.el10.x86_64 1733904176 1816877 3f16ea4ddf5bc4ae6ee21a4837c70fb4 installed
DEBUG util.py:463:  libidn2-2.3.7-3.el10.x86_64 1733850022 336858 2b0050552a0a51ada221810e4efda676 installed
DEBUG util.py:463:  lua-libs-5.4.6-7.el10.x86_64 1734109366 287675 be290028da837f19205de27d32cf8cf3 installed
DEBUG util.py:463:  lz4-libs-1.9.4-8.el10.x86_64 1734119549 136459 f011548c152d1564efbe7ffa0b920650 installed
DEBUG util.py:463:  pcre2-10.44-1.el10.3.x86_64 1734182345 668922 33d86a93e1b34e8e1357806fa9544e47 installed
DEBUG util.py:463:  libselinux-3.9-1.el10.x86_64 1755078220 201805 1947f6ac340cdc753e9996773c0954ff installed
DEBUG util.py:463:  sed-4.9-3.el10.x86_64 1734204747 881961 dfade3aff949eb09466ede4035bb1821 installed
DEBUG util.py:463:  findutils-1:4.10.0-5.el10.x86_64 1734029841 1942695 a2ad8e80525d5697be0727e2b48720a3 installed
DEBUG util.py:463:  grep-3.11-10.el10.x86_64 1734032278 1042042 64543d207b8fd07457f39ea4b477b932 installed
DEBUG util.py:463:  xz-1:5.6.2-4.el10_0.x86_64 1747270625 1244808 8b8271fed592f1d935539b0ed707644a installed
DEBUG util.py:463:  libmount-2.40.2-15.el10_1.x86_64 1770031709 364250 bd467575e951e485a8c5a8279bab7e82 installed
DEBUG util.py:463:  util-linux-core-2.40.2-15.el10_1.x86_64 1770031709 1543017 66e2ab6097f9fc938df928cf121ec0b5 installed
DEBUG util.py:463:  libsemanage-3.9-1.el10.x86_64 1755098676 319427 5cb1b986439adb87c4879b0bdc7a476f installed
DEBUG util.py:463:  shadow-utils-2:4.15.0-10.el10_1.x86_64 1773761066 4269725 b3f011612b172a1ac1517246c6cb5e9d installed
DEBUG util.py:463:  libutempter-1.2.1-15.el10.x86_64 1733852925 58809 d9a46176e8b210319ad7b5204a4c5ebd installed
DEBUG util.py:463:  tar-2:1.35-9.el10_1.x86_64 1767590103 3101603 ebc6c6be7b23fecb405d02a9c7da2d5d installed
DEBUG util.py:463:  zstd-1.5.5-9.el10.x86_64 1734225610 1656557 def2b58ee2588c1f9297f43f8dc18f76 installed
DEBUG util.py:463:  libpsl-0.21.5-6.el10.x86_64 1733849977 82352 f9c931353b547cb084a92dbcb87d18fc installed
DEBUG util.py:463:  p11-kit-0.25.5-7.el10.x86_64 1734024774 2294717 f804d77fa1d76bf0804de82f4a34c065 installed
DEBUG util.py:463:  p11-kit-trust-0.25.5-7.el10.x86_64 1734024774 400452 538c512240aa4d882266c09adc492346 installed
DEBUG util.py:463:  openssl-fips-provider-1:3.5.1-7.el10_1.alma.1.x86_64 1769598806 2489506 d860958e329d06be026979acf1184243 installed
DEBUG util.py:463:  openssl-libs-1:3.5.1-7.el10_1.alma.1.x86_64 1769598806 6849739 a585243393cdd6a137a9e3c50ff7fe30 installed
DEBUG util.py:463:  coreutils-9.5-6.el10.x86_64 1736715611 5806154 87589bc0b84c1dceee77224ff80e6f8e installed
DEBUG util.py:463:  ca-certificates-2025.2.80_v9.0.305-102.el10_1.noarch 1763138081 2801276 4b30227dd6f330ba2eb8ae02782a9bb8 installed
DEBUG util.py:463:  authselect-libs-1.5.0-8.el10.x86_64 1734027273 815910 cab176af590cd846f309de31429b6d3b installed
DEBUG util.py:463:  gzip-1.13-3.el10.x86_64 1734373206 398194 fc73eee8049d45bacb8517b196ed18ac installed
DEBUG util.py:463:  cracklib-2.9.11-8.el10.x86_64 1734033833 244461 2f6715332bbe19883333fd39c9a31582 installed
DEBUG util.py:463:  cracklib-dicts-2.9.11-8.el10.x86_64 1734033833 9815811 bd870a60599f9426447adc7a9faf8f52 installed
DEBUG util.py:463:  libpwquality-1.4.5-12.el10.x86_64 1733850696 427194 223aadacddba621f470dba11c8db4608 installed
DEBUG util.py:463:  libevent-2.1.12-16.el10.x86_64 1733846367 916490 898e141e01bec1ba693e2207ae5582c6 installed
DEBUG util.py:463:  rpm-sequoia-1.9.0.3-1.el10_1.x86_64 1761559855 2665134 b4fe211c8683b4c7ecd68f55f6100ede installed
DEBUG util.py:463:  zip-3.0-45.el10.x86_64 1755248080 726153 5d8186bb574c45c88e8ec5fa628a8ccc installed
DEBUG util.py:463:  cyrus-sasl-lib-2.1.28-29.el10.x86_64 1751592519 732550 8fd086ae12b3702823c440743b278269 installed
DEBUG util.py:463:  openldap-2.6.9-1.el10.x86_64 1756296037 518226 9497fdf335f08c3a750e6fe36121a02f installed
DEBUG util.py:463:  gdbm-1:1.23-12.el10_0.x86_64 1747265717 471407 b71416d44d94b2d2048116823e379b5a installed
DEBUG util.py:463:  pam-1.6.1-8.el10.x86_64 1751974076 1848585 9ed2f177fcf88f7d6c62f8d4beb5e96d installed
DEBUG util.py:463:  libfdisk-2.40.2-15.el10_1.x86_64 1770031709 371506 6928a181210f2468ef758a96ee6d8ca7 installed
DEBUG util.py:463:  libxml2-2.12.5-9.el10_0.x86_64 1754590358 1791363 9ca30afb3343cc5d0864edf4ace2ab5c installed
DEBUG util.py:463:  libarchive-3.7.7-8.el10_1.x86_64 1776411334 961194 b44a06846e6b5f7ba6b208ffdebf907d installed
DEBUG util.py:463:  bzip2-1.0.8-25.el10.x86_64 1739793622 97597 55d60e7810482fc02ab74f791a351d26 installed
DEBUG util.py:463:  sqlite-libs-3.46.1-5.el10_1.x86_64 1761561983 1571640 f7fda595ba487c8bdbb4715b829fef70 installed
DEBUG util.py:463:  rpm-libs-4.19.1.1-20.el10.alma.1.x86_64 1757119484 739032 fe66ef8c570b02cc2ad039bb3eae74d6 installed
DEBUG util.py:463:  ed-1.20-5.el10.x86_64 1734036248 149356 d9eb1a6d7f626f07d1d0f6a30b128954 installed
DEBUG util.py:463:  patch-2.7.6-26.el10.x86_64 1734153030 264738 3d2b21419101e47f0569feb6397afa13 installed
DEBUG util.py:463:  elfutils-default-yama-scope-0.193-1.el10.noarch 1746588839 1810 b4cedb95addb9bacbbfe21f460aed80d installed
DEBUG util.py:463:  cpio-2.15-3.el10.x86_64 1734031711 1150520 6e8723c0f97dddd46fec04164c75aef5 installed
DEBUG util.py:463:  diffutils-3.10-8.el10.x86_64 1734026420 1657323 dc3dac84318bee7257be6e4c75b23dfc installed
DEBUG util.py:463:  json-c-0.18-3.el10.x86_64 1734112482 84530 7f07c17b20a78ac0ca779af334183450 installed
DEBUG util.py:463:  keyutils-libs-1.6.3-5.el10.x86_64 1737113140 54083 6b7336de3157e5ae0d8f939406a398c5 installed
DEBUG util.py:463:  libbrotli-1.1.0-7.el10_1.x86_64 1768929854 865506 6b8ecad63cdef444fc9968b92b4e184b installed
DEBUG util.py:463:  libcom_err-1.47.1-4.el10.x86_64 1752668581 68697 a158dac7242ba869361e23ea82611430 installed
DEBUG util.py:463:  libgomp-14.3.1-2.1.el10.alma.1.x86_64 1751356599 540200 56fbfb83d1dad0b5af4d28331d8f4539 installed
DEBUG util.py:463:  libnghttp2-1.64.0-2.el10_1.1.x86_64 1776058137 174116 0ab0cf2a5ebbe8658817483bdc87e818 installed
DEBUG util.py:463:  libpkgconf-2.1.0-3.el10.x86_64 1734172741 75857 d3e54138803062f6f74c4a9139f37417 installed
DEBUG util.py:463:  pkgconf-2.1.0-3.el10.x86_64 1734172741 84218 8e8af64d19b84206c62f00c8de3fbc02 installed
DEBUG util.py:463:  pkgconf-pkg-config-2.1.0-3.el10.x86_64 1734172741 989 7fbf860ab46a0492211d93b79e803ff4 installed
DEBUG util.py:463:  libverto-0.3.2-10.el10.x86_64 1733855959 30045 c9cd9352f564335e0e2d8f6004da1136 installed
DEBUG util.py:463:  krb5-libs-1.21.3-9.el10_1.x86_64 1776791698 2408757 1326c6a2d326c3d6c987bb45ac553411 installed
DEBUG util.py:463:  libssh-0.11.1-5.el10_1.x86_64 1766022745 583163 41072a71511f57e095e77f73bcc3ab2d installed
DEBUG util.py:463:  libcurl-8.12.1-2.el10_1.2.x86_64 1770233857 854174 f5ba03fd7e08760aa1a4c2333d1f4ef3 installed
DEBUG util.py:463:  elfutils-libs-0.193-1.el10.x86_64 1746572644 702901 e0076d9d129cbfe37b66610464145523 installed
DEBUG util.py:463:  elfutils-debuginfod-client-0.193-1.el10.x86_64 1746572644 81762 3f080ff31d427a5aceee630d58ccef49 installed
DEBUG util.py:463:  binutils-gold-2.41-58.el10_1.2.alma.1.x86_64 1766058276 2173419 cd946ef15bd1699b62e99c12f4fc4582 installed
DEBUG util.py:463:  binutils-2.41-58.el10_1.2.alma.1.x86_64 1766058276 27832765 4c4a099850ac684592a8730dc953ce72 installed
DEBUG util.py:463:  elfutils-0.193-1.el10.x86_64 1746572644 3086654 c446eda12f44607a1a0cc041d0a0e584 installed
DEBUG util.py:463:  gdb-minimal-16.3-2.el10.x86_64 1753286149 13747929 bb181200e8a12908a66d291512a53a83 installed
DEBUG util.py:463:  debugedit-5.1-8.el10.x86_64 1751369369 205423 c3bb1528e3aee250c550fbd312ff8929 installed
DEBUG util.py:463:  rpm-build-libs-4.19.1.1-20.el10.alma.1.x86_64 1757119484 203064 e3dc8972dc9ee339661f23a0b71d28e8 installed
DEBUG util.py:463:  curl-8.12.1-2.el10_1.2.x86_64 1770233857 465472 9e6f39b7d7275396c34412380effa7c7 installed
DEBUG util.py:463:  rpm-4.19.1.1-20.el10.alma.1.x86_64 1757119484 3100972 3d74c8e89363f258ffdb27fdb680f6d3 installed
DEBUG util.py:463:  efi-srpm-macros-6-6.el10.alma.1.noarch 1734440590 41092 3931350959da64ff1bdcee011ec80a8a installed
DEBUG util.py:463:  lua-srpm-macros-1-15.el10.noarch 1734113187 1367 2ad13a3b28040716f2b0736f0272accf installed
DEBUG util.py:463:  fonts-srpm-macros-1:2.0.5-18.el10.noarch 1734052831 57184 eedab5b50fdbbf1b8cdc83c4f2c8edf5 installed
DEBUG util.py:463:  forge-srpm-macros-0.4.0-6.el10.noarch 1736711136 39882 4c15475beb02fc0b79b32a58f7d20579 installed
DEBUG util.py:463:  go-srpm-macros-3.6.0-8.el10_1.noarch 1776661389 61920 486e087c6f97797d0d959217e5af047a installed
DEBUG util.py:463:  python-srpm-macros-3.12-10.el10.noarch 1745480896 52539 1a4b5a2ef934ef1fbedee7055d7a82bb installed
DEBUG util.py:463:  redhat-rpm-config-293-1.el10.alma.2.noarch 1773159391 184149 eaeac276eabe4ba8076e4b146a8a3b03 installed
DEBUG util.py:463:  rpm-build-4.19.1.1-20.el10.alma.1.x86_64 1757119484 176853 497e8a9454027b89cfd1d42f05180a8e installed
DEBUG util.py:463:  pyproject-srpm-macros-1.16.2-1.el10.noarch 1734171708 1952 84680c6959ccd04fad334f7441169337 installed
DEBUG util.py:463:  R-srpm-macros-1.3.7-1.el10_1.noarch 1774883190 3626 7efbee9f7bac55a8e7b8ce0455c3c80e installed
DEBUG util.py:463:  epel-rpm-macros-10-7.el10_1.noarch 1774638888 762 5e45b663713b19bd79cf5851e0a76cfc installed
DEBUG util.py:463:  util-linux-2.40.2-15.el10_1.x86_64 1770031709 3885218 9cd95300da2002839bda9e7ef30b8cb9 installed
DEBUG util.py:463:  authselect-1.5.0-8.el10.x86_64 1734027273 156489 3f6fa2fd2b83bc4a477f3f53779fa491 installed
DEBUG util.py:463:  which-2.21-44.el10_0.x86_64 1754377721 85738 e17d66bb6c0f405d416b6a1fdb2c38c4 installed
DEBUG util.py:463:  info-7.1-6.el10.x86_64 1738055043 363386 f0fc5c8361ad821282ebbae9e05dd70d installed
DEBUG util.py:463:  ncurses-6.4-15.20240127.el10_1.x86_64 1774527582 634674 55e486295958eb9b2a451d53a9fd6b28 installed
DEBUG util.py:463:  mailcap-2.1.54-8.el10.noarch 1734130412 88071 ca33e2293c4ef561bf73d66074316716 installed
DEBUG util.py:463:  groff-base-1.23.0-10.el10.x86_64 1734033526 4033062 daa077b8acd443ba18128417cf383036 installed
DEBUG util.py:463:  perl-Digest-SHA-1:6.04-512.el10.x86_64 1734175386 119226 9d62b9b0abefcf4f1ba6a783e58fc507 installed
DEBUG util.py:463:  perl-Digest-1.20-511.el10.noarch 1734171286 36060 84e350b83354754fb4db9f989fd1edf2 installed
DEBUG util.py:463:  perl-Tie-0:4.6-512.2.el10_0.noarch 1753788929 32746 82ab8421c22d6cc88b5e5053fb40f6da installed
DEBUG util.py:463:  perl-GSSAPI-0.28-48.el10.x86_64 1734158812 123499 c5c63ce780a7fb2ae7eab5495b6c568b installed
DEBUG util.py:463:  perl-Digest-HMAC-1.04-12.el10.noarch 1734175046 28690 9f235c035a3b191cf30df698364c1baf installed
DEBUG util.py:463:  perl-Digest-MD5-2.59-6.el10.x86_64 1734173450 61064 876e8386a368a2dc22d1a3adecbfc4d1 installed
DEBUG util.py:463:  perl-B-0:1.89-512.2.el10_0.x86_64 1753788924 505804 c1d337c39fac9ad20e6865cac1bba617 installed
DEBUG util.py:463:  perl-FileHandle-0:2.05-512.2.el10_0.noarch 1753788929 9568 0715f6a6980af952f1e1404a97171019 installed
DEBUG util.py:463:  perl-Authen-SASL-2.1700-5.el10.noarch 1734162825 119078 33a19c373792dfd42f3474468bdb1898 installed
DEBUG util.py:463:  perl-Data-Dumper-2.189-512.el10.x86_64 1734183652 114238 faced24591982d3fdab6fd6b20c5917e installed
DEBUG util.py:463:  perl-libnet-3.15-512.el10.noarch 1734174643 295890 a2ff3aaeed344f3df5d6d26d5d540ea3 installed
DEBUG util.py:463:  perl-AutoLoader-0:5.74-512.2.el10_0.noarch 1753788929 21029 c9c2b14087775d859560d58567b3144a installed
DEBUG util.py:463:  perl-URI-5.27-3.el10.noarch 1734156580 245507 bcc80da914a104f99a236fbd3148fdc9 installed
DEBUG util.py:463:  perl-Text-Tabs+Wrap-2024.001-511.el10.noarch 1734341483 23045 bb4f7ee0a76bd6bff0008c7f7ea17ddf installed
DEBUG util.py:463:  perl-Mozilla-CA-20231213-5.el10.noarch 1734190987 9370 fcc2827c735567d392dc1a8cbd5f510b installed
DEBUG util.py:463:  perl-if-0:0.61.000-512.2.el10_0.noarch 1753788929 5948 037dcd55c5fbf167c60fa93a93156d76 installed
DEBUG util.py:463:  perl-locale-0:1.12-512.2.el10_0.noarch 1753788929 6653 de76473fdf3751c711f3533abc3b49cb installed
DEBUG util.py:463:  perl-IO-Socket-IP-0.42-512.el10.noarch 1734154166 100992 87146e8cf9b3e329da14676afe72987b installed
DEBUG util.py:463:  perl-Time-Local-2:1.350-511.el10.noarch 1734183679 70554 cc36224715c9f9403abd09684bb7888c installed
DEBUG util.py:463:  perl-File-Path-2.18-511.el10.noarch 1734179669 65002 bd88844768ce2c8a76f3430bc290d276 installed
DEBUG util.py:463:  perl-IO-Socket-SSL-2.085-3.el10.noarch 1734155500 701396 24d70970220d04b81c1496c9e3df37f5 installed
DEBUG util.py:463:  perl-Net-SSLeay-1.94-8.el10.x86_64 1749458549 1403892 498665157273eec20f78830f78c3afa9 installed
DEBUG util.py:463:  perl-Pod-Escapes-1:1.07-511.el10.noarch 1734154351 25476 7982187d37301575bdff5a2b93ed2e2b installed
DEBUG util.py:463:  perl-Class-Struct-0:0.68-512.2.el10_0.noarch 1753788929 25968 50fd367e81868049b5e8c20cff8977e4 installed
DEBUG util.py:463:  perl-Term-ANSIColor-5.01-512.el10.noarch 1734159257 99820 3f59f5750e47695e72c427a69baeb499 installed
DEBUG util.py:463:  perl-POSIX-0:2.20-512.2.el10_0.x86_64 1753788924 236577 ceed10e066e6e40991d26ffd10434359 installed
DEBUG util.py:463:  perl-IPC-Open3-0:1.22-512.2.el10_0.noarch 1753788929 22995 91f7326fdb1d474df9d1499c1c67d383 installed
DEBUG util.py:463:  perl-File-Temp-1:0.231.100-512.el10.noarch 1734189983 166172 b9c403d2f298afde7ba7d289ad3ccecf installed
DEBUG util.py:463:  perl-HTTP-Tiny-0.088-512.el10.noarch 1734176231 155788 551cd14802b37aaab28db1f44ac0d083 installed
DEBUG util.py:463:  perl-Term-Cap-1.18-511.el10.noarch 1734161153 29958 74ce648663fe3f11f2ec31fbb83c9621 installed
DEBUG util.py:463:  perl-Pod-Simple-1:3.45-511.el10.noarch 1734160679 573280 51c868bdea985701613896451574c1b6 installed
DEBUG util.py:463:  perl-Socket-4:2.038-511.el10.x86_64 1734172822 126873 3b2866de051147801dd805af63657009 installed
DEBUG util.py:463:  perl-SelectSaver-0:1.02-512.2.el10_0.noarch 1753788929 2220 702708e2d44e95ff69a294501daf7f81 installed
DEBUG util.py:463:  perl-Symbol-0:1.09-512.2.el10_0.noarch 1753788929 6976 7ba058401858f628a8f3089f10dd9599 installed
DEBUG util.py:463:  perl-File-stat-0:1.14-512.2.el10_0.noarch 1753788929 12808 ee631c8dbceefb565063084ac6e4d9ba installed
DEBUG util.py:463:  perl-podlators-1:5.01-511.el10.noarch 1734185791 315477 f2f880e98127591c7639c23580d7a027 installed
DEBUG util.py:463:  perl-Pod-Perldoc-3.28.01-512.el10.noarch 1734158919 166972 81c6fa8231c0d1ea38eefad4425af35d installed
DEBUG util.py:463:  perl-Fcntl-0:1.18-512.2.el10_0.x86_64 1753788924 45991 7436d6ac0e8f5f6f3beb390276edd54e installed
DEBUG util.py:463:  perl-Text-ParseWords-3.31-511.el10.noarch 1734164890 13839 ae1f64f6441e0bba44644eb26cc8bd8c installed
DEBUG util.py:463:  perl-base-0:2.27-512.2.el10_0.noarch 1753788929 12844 5f23690ee799354b8f2c0041c638b2ab installed
DEBUG util.py:463:  perl-mro-0:1.29-512.2.el10_0.x86_64 1753788924 46636 15c9aad4bd90adc59a0f40bb6e289cbf installed
DEBUG util.py:463:  perl-IO-0:1.55-512.2.el10_0.x86_64 1753788924 154607 fb5a5b3244ad31053a6d84d71cf1a4b9 installed
DEBUG util.py:463:  perl-overloading-0:0.02-512.2.el10_0.noarch 1753788929 4961 6264bf684cd188e1130be87dbbda8465 installed
DEBUG util.py:463:  perl-Pod-Usage-4:2.03-511.el10.noarch 1734162375 86712 a893f14f364e0eed2c5531c020028e17 installed
DEBUG util.py:463:  perl-Errno-0:1.38-512.2.el10_0.x86_64 1753788924 8531 3d27b53f0158aa03a570b26c5b4e11e9 installed
DEBUG util.py:463:  perl-File-Basename-0:2.86-512.2.el10_0.noarch 1753788929 14342 f4098dcd9e65a4828832c944cf28fe53 installed
DEBUG util.py:463:  perl-Getopt-Std-0:1.14-512.2.el10_0.noarch 1753788929 11449 eaa4dde4f34ff337ba9e81acbaab49a6 installed
DEBUG util.py:463:  perl-MIME-Base64-3.16-511.el10.x86_64 1734155034 47068 9ad927318b4d079c1d47a9310387216e installed
DEBUG util.py:463:  perl-Scalar-List-Utils-5:1.63-511.el10.x86_64 1734170950 148846 eaecf03182006577a9aefa937c16fa7e installed
DEBUG util.py:463:  perl-constant-1.33-512.el10.noarch 1734163715 26840 a95b3103d5f92c20bbc863e87c11b8ea installed
DEBUG util.py:463:  perl-Storable-1:3.32-511.el10.x86_64 1734178776 237810 a468635449924a8b5fd7d5f732fae705 installed
DEBUG util.py:463:  perl-overload-0:1.37-512.2.el10_0.noarch 1753788929 73252 508ee7e48cf055287b79288f5fe7c00b installed
DEBUG util.py:463:  perl-parent-1:0.241-512.el10.noarch 1734181849 9959 92b831984d7f5e4a405aad7212cb8def installed
DEBUG util.py:463:  perl-vars-0:1.05-512.2.el10_0.noarch 1753788929 3960 e39ccdbf90a868e0bfe3ce2703b427d4 installed
DEBUG util.py:463:  perl-Getopt-Long-1:2.58-3.el10.noarch 1734161264 147853 394d7db4240c4badac89a28e52e7b4cb installed
DEBUG util.py:463:  perl-Carp-1.54-511.el10.noarch 1734187352 47652 bcd5efd9e0cc706f679371d782451e16 installed
DEBUG util.py:463:  perl-Exporter-5.78-511.el10.noarch 1734188924 55539 afc05752788c583eb69d050fa967f371 installed
DEBUG util.py:463:  perl-PathTools-3.91-512.el10.x86_64 1738054644 182916 3b9c3d47e2d5f0a9adf21177e83f17e3 installed
DEBUG util.py:463:  perl-DynaLoader-0:1.56-512.2.el10_0.x86_64 1753788924 32841 ac22b78714982edbc98b55ab1102f0f3 installed
DEBUG util.py:463:  perl-Encode-4:3.21-511.el10.x86_64 1734177504 4930706 ae657f539bb189abb7ac76450c455b88 installed
DEBUG util.py:463:  perl-libs-4:5.40.2-512.2.el10_0.x86_64 1753788924 10249003 d648237bfede7e186de5cf463137d378 installed
DEBUG util.py:463:  perl-interpreter-4:5.40.2-512.2.el10_0.x86_64 1753788924 125194 f5f0d03ea657ebbc94e5b1228d7ff5ac installed
DEBUG util.py:463:  perl-Compress-Raw-Zlib-2.212-512.el10.x86_64 1734162377 166179 b3aa41f891b78d0837e63b05b7827969 installed
DEBUG util.py:463:  perl-LWP-MediaTypes-6.04-19.el10.noarch 1734184629 80823 cf67c26358129df45745922aab62759c installed
DEBUG util.py:463:  perl-macros-4:5.40.2-512.2.el10_0.noarch 1753788929 5643 ba88b26cde1071d2d30865d97a1b038c installed
DEBUG util.py:463:  perl-Clone-0.46-10.el10.x86_64 1734155732 33073 a57901786e013ae7f97e63b9e7ca4ba4 installed
DEBUG util.py:463:  perl-Compress-Raw-Bzip2-2.212-512.el10.x86_64 1734158964 71071 37ed7d1e1508a8e90716689ec462b35f installed
DEBUG util.py:463:  perl-IO-Compress-2.212-512.el10.noarch 1734180884 1065592 5718e3ac895347c915d51b590aac547b installed
DEBUG util.py:463:  perl-Net-HTTP-6.23-6.el10.noarch 1734155986 76321 a14bb0eac4138e671033545cc4f2e95f installed
DEBUG util.py:463:  perl-Convert-ASN1-0.34-5.el10.noarch 1734169626 174018 2043c301160a3b27cd7d9a129886df97 installed
DEBUG util.py:463:  perl-Fedora-VSP-0.001-36.el10.noarch 1734165823 40594 567e3ce0f92dfdecec845c5c9a171693 installed
DEBUG util.py:463:  perl-File-Copy-0:2.41-512.2.el10_0.noarch 1753788929 20089 8a6ce299cbd49a7580ece68038896e6e installed
DEBUG util.py:463:  perl-HTML-Tagset-3.20-59.el10.noarch 1734164984 18785 04dab2c95e2115e2d91a5cc0bbdf351c installed
DEBUG util.py:463:  perl-I18N-Langinfo-0:0.24-512.2.el10_0.x86_64 1753788924 39618 117f6439abb18e6e3e834354d367b0cb installed
DEBUG util.py:463:  perl-Encode-Locale-1.05-31.el10.noarch 1734183458 19462 eb61e56e63cfefbc4294927f16e0817a installed
DEBUG util.py:463:  perl-IO-HTML-1.004-14.el10.noarch 1734185781 46206 961e1138928b7de6528bbb74c2f41020 installed
DEBUG util.py:463:  perl-Math-Complex-0:1.62-512.2.el10_0.noarch 1753788929 86995 f812f787d4dfaa3a5ce1586c07a5088d installed
DEBUG util.py:463:  perl-Math-BigInt-1:2.0030.03-3.el10.noarch 1734163476 980465 d497311b492d53f0c3ce3ed13b3b5bc0 installed
DEBUG util.py:463:  perl-JSON-4.10-7.el10.noarch 1734175858 276801 1a82a48a7701d77beaf8232f2da1f807 installed
DEBUG util.py:463:  perl-Module-Load-1:0.36-511.el10.noarch 1734178998 15187 6c00b49abf427654b8e95ab493ec5f75 installed
DEBUG util.py:463:  perl-NTLM-1.09-41.el10.noarch 1734154749 31916 b3c749609ad6f77b0d4b81c8ff8935f2 installed
DEBUG util.py:463:  perl-Text-Unidecode-1.30-27.el10.noarch 1734170590 459427 48da5237127d9b6f5f08da3170836938 installed
DEBUG util.py:463:  perl-TimeDate-1:2.33-16.el10.noarch 1734185462 97277 c5419c5a88880a17e471af9bb84c2393 installed
DEBUG util.py:463:  perl-HTTP-Date-6.06-6.el10.noarch 1734170407 42112 835342c02a919676c8c891f2047a8145 installed
DEBUG util.py:463:  perl-HTTP-Message-6.45-5.el10.noarch 1734350478 219770 6b922f6409d8367e70568ae295ca0678 installed
DEBUG util.py:463:  perl-HTTP-Negotiate-6.01-40.el10.noarch 1734174288 28259 ef0ce64dce13f12fcdde4f26ddca9ea9 installed
DEBUG util.py:463:  perl-HTML-Parser-3.82-3.el10.x86_64 1734162341 287308 6a96d4758c4a4a395837532ff831bb6f installed
DEBUG util.py:463:  perl-HTTP-Cookies-6.11-5.el10.noarch 1734166940 75051 5718197f0f8dd066d5a13c9526bc07a7 installed
DEBUG util.py:463:  perl-File-Listing-6.16-5.el10.noarch 1734175159 42125 394419b930f9ed49d9e9b2c0f120a4b5 installed
DEBUG util.py:463:  perl-Try-Tiny-0.31-12.el10.noarch 1734189376 68524 d376e12c9ed0628f416fbf33384abb6a installed
DEBUG util.py:463:  perl-WWW-RobotRules-6.02-41.el10.noarch 1734169193 24844 c0847d764c2113045a6c11a75c41e6a1 installed
DEBUG util.py:463:  perl-deprecate-0:0.04-512.2.el10_0.noarch 1753788929 6698 1eaf3633dd2df57efe561c89e51561ac installed
DEBUG util.py:463:  perl-Text-Soundex-3.05-33.el10.x86_64 1734166182 51932 058347d5aab53e7e5b28b074e4de1bc7 installed
DEBUG util.py:463:  perl-subs-0:1.04-512.2.el10_0.noarch 1753788929 2143 bbf4564e5f5325f1052257d872034e43 installed
DEBUG util.py:463:  perl-Data-Dump-1.25-13.el10.noarch 1734184164 51318 345fab65feb75e0d083301f61896860e installed
DEBUG util.py:463:  perl-libwww-perl-6.76-3.el10.noarch 1734176628 531989 ab4871fc90becb5ce02e2d5b55709bf6 installed
DEBUG util.py:463:  perl-Digest-MD4-1.9-41.el10_0.x86_64 1725186446 68706 4496d28c4225a82349a576bca12b3057 installed
DEBUG util.py:463:  perl-Crypt-SmbHash-0.12-48.el10.noarch 1777300004 24161 9f4da4e811df5b9711b620806bf20de0 installed
DEBUG util.py:463:  perl-LDAP-1:0.68-16.el10.noarch 1734182698 958337 6a18c2691944a6f33d9831440faf3354 installed
DEBUG util.py:463:  perl-generators-1.16-7.el10.noarch 1734167356 22305 83b9a808963e0a0cd9570b2558c5e8a4 installed
DEBUG util.py:463:  perl-English-0:1.11-512.2.el10_0.noarch 1753788929 6352 57c83e1606402a8aa46c173a93ed7ebb installed
DEBUG util.py:463:  perl-FindBin-0:1.54-512.2.el10_0.noarch 1753788929 6874 8ea462798b2ce7b1c1881c983dc9ed46 installed
DEBUG util.py:463:  openssl-1:3.5.1-7.el10_1.alma.1.x86_64 1769598806 1903643 06ab5bcbd59a7ba885c1528cbf936df8 installed
DEBUG util.py:463:  make-1:4.4.1-9.el10.x86_64 1734102928 1880255 c5424038bde4ef1359a4b6ea67274eb0 installed
DEBUG util.py:610:  Child return code was: 0
DEBUG util.py:185:  kill orphans in chroot /var/lib/mock/alma+epel-10-x86_64/root
DEBUG util.py:185:  kill orphans in chroot /var/lib/mock/alma+epel-10-x86_64-bootstrap/root/var/lib/mock/alma+epel-10-x86_64/root
DEBUG util.py:636:  child environment: None
DEBUG util.py:558:  Executing command: ['/bin/umount', '-n', '-l', '/var/lib/mock/alma+epel-10-x86_64-bootstrap/root/var/lib/mock/alma+epel-10-x86_64/root'] with env {'TERM': 'vt100', 'SHELL': '/bin/sh', 'HOME': '/builddir', 'HOSTNAME': 'mock', 'PATH': '/usr/bin:/bin:/usr/sbin:/sbin', 'LANG': 'C.UTF-8'} and shell False
DEBUG util.py:610:  Child return code was: 0
DEBUG util.py:636:  child environment: None
DEBUG util.py:558:  Executing command: ['/bin/umount', '-n', '-l', '/var/lib/mock/alma+epel-10-x86_64-bootstrap/root/var/lib/mock/alma+epel-10-x86_64/root'] with env {'TERM': 'vt100', 'SHELL': '/bin/sh', 'HOME': '/builddir', 'HOSTNAME': 'mock', 'PATH': '/usr/bin:/bin:/usr/sbin:/sbin', 'LANG': 'C.UTF-8'} and shell False
DEBUG util.py:610:  Child return code was: 0
DEBUG util.py:636:  child environment: None
DEBUG backend.py:821:  Copying packages to result dir
DEBUG util.py:185:  kill orphans in chroot /var/lib/mock/alma+epel-10-x86_64/root
DEBUG util.py:636:  child environment: None
DEBUG util.py:558:  Executing command: ['/bin/umount', '-n', '/var/lib/mock/alma+epel-10-x86_64/root/var/cache/dnf'] with env {'TERM': 'vt100', 'SHELL': '/bin/sh', 'HOME': '/builddir', 'HOSTNAME': 'mock', 'PATH': '/usr/bin:/bin:/usr/sbin:/sbin', 'LANG': 'C.UTF-8'} and shell False
DEBUG util.py:610:  Child return code was: 0
DEBUG util.py:636:  child environment: None
DEBUG util.py:558:  Executing command: ['/bin/umount', '-n', '/var/lib/mock/alma+epel-10-x86_64/root/var/cache/yum'] with env {'TERM': 'vt100', 'SHELL': '/bin/sh', 'HOME': '/builddir', 'HOSTNAME': 'mock', 'PATH': '/usr/bin:/bin:/usr/sbin:/sbin', 'LANG': 'C.UTF-8'} and shell False
DEBUG util.py:610:  Child return code was: 0
DEBUG util.py:185:  kill orphans in chroot /var/lib/mock/alma+epel-10-x86_64-bootstrap/root
DEBUG util.py:636:  child environment: None
DEBUG util.py:558:  Executing command: ['/bin/umount', '-n', '/var/lib/mock/alma+epel-10-x86_64-bootstrap/root/root/localrepo'] with env {'TERM': 'vt100', 'SHELL': '/bin/sh', 'HOME': '/builddir', 'HOSTNAME': 'mock', 'PATH': '/usr/bin:/bin:/usr/sbin:/sbin', 'LANG': 'C.UTF-8'} and shell False
DEBUG util.py:610:  Child return code was: 0
DEBUG util.py:636:  child environment: None
DEBUG util.py:558:  Executing command: ['/bin/umount', '-n', '/var/lib/mock/alma+epel-10-x86_64-bootstrap/root/var/cache/dnf'] with env {'TERM': 'vt100', 'SHELL': '/bin/sh', 'HOME': '/builddir', 'HOSTNAME': 'mock', 'PATH': '/usr/bin:/bin:/usr/sbin:/sbin', 'LANG': 'C.UTF-8'} and shell False
DEBUG util.py:610:  Child return code was: 0
DEBUG util.py:636:  child environment: None
DEBUG util.py:558:  Executing command: ['/bin/umount', '-n', '/var/lib/mock/alma+epel-10-x86_64-bootstrap/root/var/cache/yum'] with env {'TERM': 'vt100', 'SHELL': '/bin/sh', 'HOME': '/builddir', 'HOSTNAME': 'mock', 'PATH': '/usr/bin:/bin:/usr/sbin:/sbin', 'LANG': 'C.UTF-8'} and shell False
DEBUG util.py:610:  Child return code was: 0
